event_id,student_id,query,filter_used,clicked,searched_at
1,31,databases,True,True,2025-05-07 11:49:00
2,90,machine learning,True,True,2025-05-12 14:56:00
3,79,mathematics,True,False,2025-05-04 16:24:00
4,64,statistics,True,True,2025-05-03 17:37:00
5,193,machine learning,True,False,2025-05-20 18:21:00
6,92,databases,False,True,2025-05-16 18:28:00
7,97,programming,False,True,2025-05-10 17:02:00
8,7,biology,True,False,2025-05-01 10:47:00
9,86,statistics,True,False,2025-05-27 20:17:00
10,200,machine learning,True,False,2025-05-16 10:11:00
11,137,mathematics,False,True,2025-05-10 15:48:00
12,62,biology,False,True,2025-05-09 14:46:00
13,190,ethics,False,True,2025-05-10 17:53:00
14,51,electronics,True,True,2025-05-23 20:37:00
15,118,biology,False,False,2025-05-07 09:08:00
16,177,biology,True,True,2025-05-10 11:28:00
17,127,statistics,False,False,2025-05-02 19:33:00
18,96,ethics,False,True,2025-05-08 09:19:00
19,53,programming,False,True,2025-05-09 11:27:00
20,124,programming,False,True,2025-05-26 08:31:00
21,141,mathematics,True,True,2025-05-20 18:25:00
22,162,databases,False,False,2025-05-11 20:29:00
23,14,mathematics,True,True,2025-05-05 21:27:00
24,149,programming,False,True,2025-05-12 12:11:00
25,181,mathematics,False,True,2025-05-02 10:12:00
26,14,biology,True,True,2025-05-21 19:21:00
27,179,databases,True,True,2025-05-06 12:47:00
28,25,mathematics,True,False,2025-05-13 14:30:00
29,10,biology,True,True,2025-05-24 17:36:00
30,37,machine learning,True,False,2025-05-14 11:13:00
31,190,databases,False,True,2025-05-09 08:02:00
32,82,databases,True,False,2025-05-06 18:11:00
33,13,mathematics,True,True,2025-05-04 18:47:00
34,158,programming,False,False,2025-05-25 11:16:00
35,137,programming,True,True,2025-05-07 11:41:00
36,45,programming,True,True,2025-05-26 11:10:00
37,63,machine learning,False,True,2025-05-22 12:21:00
38,33,machine learning,True,True,2025-05-10 20:51:00
39,77,mathematics,False,False,2025-05-06 12:37:00
40,132,databases,True,True,2025-05-24 08:46:00
41,150,ethics,False,True,2025-05-21 18:30:00
42,161,electronics,False,False,2025-05-22 17:35:00
43,164,ethics,False,True,2025-05-27 11:22:00
44,104,databases,False,True,2025-05-13 14:23:00
45,86,ethics,False,True,2025-05-25 14:10:00
46,95,mathematics,False,False,2025-05-20 14:26:00
47,77,biology,True,True,2025-05-08 11:25:00
48,149,ethics,False,True,2025-05-25 12:59:00
49,196,statistics,True,False,2025-05-11 11:35:00
50,149,machine learning,False,False,2025-05-05 20:40:00
51,197,statistics,False,False,2025-05-05 12:12:00
52,182,databases,False,True,2025-05-10 09:21:00
53,122,machine learning,True,False,2025-05-07 19:40:00
54,141,statistics,False,True,2025-05-22 12:26:00
55,141,statistics,True,False,2025-05-22 17:01:00
56,106,databases,False,True,2025-05-10 17:30:00
57,152,programming,False,False,2025-05-14 09:22:00
58,58,programming,False,False,2025-05-13 20:32:00
59,168,mathematics,True,True,2025-05-08 08:31:00
60,54,ethics,True,True,2025-05-23 10:49:00
61,198,machine learning,True,True,2025-05-27 15:35:00
62,183,machine learning,True,False,2025-05-24 12:36:00
63,54,electronics,True,False,2025-05-13 20:12:00
64,152,ethics,False,False,2025-05-13 10:20:00
65,165,databases,True,True,2025-05-13 21:44:00
66,76,statistics,True,True,2025-05-20 09:29:00
67,36,electronics,False,False,2025-05-01 11:25:00
68,147,programming,True,False,2025-05-22 09:11:00
69,165,electronics,True,False,2025-05-19 15:05:00
70,159,mathematics,True,False,2025-05-14 18:56:00
71,141,programming,True,True,2025-05-02 09:24:00
72,28,mathematics,True,False,2025-05-04 14:49:00
73,184,mathematics,True,True,2025-05-25 20:05:00
74,50,electronics,True,True,2025-05-07 15:58:00
75,171,statistics,True,True,2025-05-22 12:34:00
76,26,electronics,True,False,2025-05-03 19:03:00
77,19,statistics,False,False,2025-05-02 09:16:00
78,140,electronics,True,True,2025-05-19 18:45:00
79,152,mathematics,False,True,2025-05-02 21:19:00
80,168,mathematics,False,True,2025-05-05 16:35:00
81,107,machine learning,False,False,2025-05-18 08:47:00
82,19,statistics,False,False,2025-05-10 10:07:00
83,198,biology,True,True,2025-05-10 16:16:00
84,40,statistics,False,True,2025-05-03 14:03:00
85,179,programming,True,False,2025-05-16 21:59:00
86,152,machine learning,True,False,2025-05-02 09:20:00
87,124,programming,True,False,2025-05-26 15:07:00
88,53,programming,False,False,2025-05-19 18:19:00
89,5,ethics,False,True,2025-05-22 21:00:00
90,42,programming,False,False,2025-05-10 09:07:00
91,34,electronics,False,False,2025-05-11 10:58:00
92,125,statistics,False,True,2025-05-14 15:54:00
93,131,machine learning,True,True,2025-05-07 17:04:00
94,62,mathematics,False,False,2025-05-21 15:19:00
95,158,machine learning,False,False,2025-05-04 20:36:00
96,74,programming,True,False,2025-05-12 12:56:00
97,13,biology,True,True,2025-05-07 13:03:00
98,106,databases,False,False,2025-05-13 09:26:00
99,141,databases,True,True,2025-05-11 10:48:00
100,168,programming,True,True,2025-05-01 10:40:00
101,94,programming,True,False,2025-05-23 15:37:00
102,139,biology,False,False,2025-05-14 14:38:00
103,73,statistics,False,False,2025-05-02 08:23:00
104,28,biology,False,False,2025-05-14 15:22:00
105,170,biology,False,True,2025-05-25 16:18:00
106,38,programming,False,True,2025-05-15 10:24:00
107,104,machine learning,True,False,2025-05-12 08:16:00
108,98,mathematics,False,False,2025-05-03 12:54:00
109,168,statistics,False,True,2025-05-01 21:24:00
110,131,databases,False,False,2025-05-09 08:50:00
111,180,programming,False,False,2025-05-01 08:40:00
112,106,electronics,True,True,2025-05-26 20:06:00
113,125,ethics,True,True,2025-05-14 10:12:00
114,129,databases,False,True,2025-05-05 11:09:00
115,142,databases,True,True,2025-05-10 08:34:00
116,72,statistics,True,False,2025-05-12 17:37:00
117,153,programming,True,True,2025-05-02 19:48:00
118,142,programming,True,True,2025-05-08 13:56:00
119,27,biology,False,False,2025-05-22 08:52:00
120,199,ethics,True,True,2025-05-05 10:49:00
121,165,mathematics,False,True,2025-05-26 14:18:00
122,31,biology,False,False,2025-05-16 16:02:00
123,154,mathematics,False,False,2025-05-05 16:01:00
124,19,electronics,True,True,2025-05-28 19:21:00
125,63,databases,True,True,2025-05-26 20:32:00
126,195,electronics,False,False,2025-05-10 15:35:00
127,105,databases,False,True,2025-05-18 08:11:00
128,22,statistics,False,False,2025-05-01 14:14:00
129,194,mathematics,True,False,2025-05-22 11:29:00
130,143,databases,False,True,2025-05-04 11:52:00
131,170,ethics,False,False,2025-05-09 11:52:00
132,185,biology,True,True,2025-05-27 13:35:00
133,83,biology,False,False,2025-05-19 17:19:00
134,179,electronics,False,False,2025-05-06 17:57:00
135,189,machine learning,True,True,2025-05-19 18:03:00
136,177,machine learning,True,False,2025-05-01 14:04:00
137,187,ethics,True,True,2025-05-08 11:28:00
138,194,mathematics,True,True,2025-05-03 14:20:00
139,37,statistics,True,True,2025-05-14 18:35:00
140,18,mathematics,True,False,2025-05-05 13:14:00
141,163,ethics,True,True,2025-05-24 14:39:00
142,158,machine learning,True,True,2025-05-10 12:19:00
143,118,databases,False,False,2025-05-11 20:56:00
144,3,statistics,False,False,2025-05-24 10:57:00
145,65,mathematics,True,True,2025-05-25 08:17:00
146,21,programming,True,True,2025-05-24 13:21:00
147,64,programming,False,True,2025-05-11 16:21:00
148,81,mathematics,True,False,2025-05-13 10:53:00
149,128,databases,False,True,2025-05-09 10:23:00
150,116,statistics,True,False,2025-05-08 18:09:00
151,159,electronics,False,False,2025-05-12 10:59:00
152,57,databases,False,True,2025-05-17 14:14:00
153,12,databases,True,False,2025-05-20 14:25:00
154,48,programming,False,False,2025-05-15 10:06:00
155,125,databases,True,True,2025-05-27 10:01:00
156,78,databases,True,True,2025-05-04 13:43:00
157,62,machine learning,False,False,2025-05-20 11:30:00
158,2,biology,True,False,2025-05-25 08:13:00
159,32,mathematics,False,False,2025-05-10 16:49:00
160,92,machine learning,True,True,2025-05-04 18:37:00
161,13,statistics,True,True,2025-05-07 13:39:00
162,58,mathematics,True,True,2025-05-01 08:41:00
163,6,biology,True,True,2025-05-14 09:24:00
164,38,electronics,True,True,2025-05-23 15:04:00
165,132,electronics,False,True,2025-05-01 19:28:00
166,149,databases,False,False,2025-05-08 08:18:00
167,200,statistics,True,False,2025-05-05 19:14:00
168,22,ethics,False,False,2025-05-15 20:34:00
169,197,electronics,True,True,2025-05-15 19:18:00
170,63,programming,True,False,2025-05-20 12:48:00
171,91,programming,True,True,2025-05-03 18:28:00
172,128,machine learning,True,True,2025-05-11 08:22:00
173,46,machine learning,False,False,2025-05-03 10:01:00
174,148,biology,True,True,2025-05-16 16:03:00
175,105,mathematics,False,False,2025-05-05 10:15:00
176,18,ethics,False,True,2025-05-01 14:40:00
177,123,statistics,False,True,2025-05-05 10:12:00
178,176,databases,True,True,2025-05-03 21:08:00
179,97,electronics,False,False,2025-05-21 16:23:00
180,107,programming,True,True,2025-05-10 21:09:00
181,156,mathematics,True,True,2025-05-24 11:29:00
182,87,databases,False,True,2025-05-28 11:44:00
183,179,machine learning,True,True,2025-05-12 17:42:00
184,161,statistics,False,True,2025-05-05 15:48:00
185,138,statistics,False,True,2025-05-26 18:31:00
186,106,biology,True,True,2025-05-07 16:08:00
187,11,mathematics,True,False,2025-05-27 14:51:00
188,91,electronics,True,True,2025-05-06 14:28:00
189,57,databases,False,True,2025-05-16 10:17:00
190,81,statistics,False,True,2025-05-16 21:23:00
191,173,machine learning,True,False,2025-05-20 15:26:00
192,67,machine learning,False,False,2025-05-06 10:17:00
193,148,programming,True,True,2025-05-01 12:26:00
194,161,machine learning,True,True,2025-05-19 10:36:00
195,108,biology,True,True,2025-05-28 09:09:00
196,173,databases,True,True,2025-05-25 15:56:00
197,107,statistics,False,True,2025-05-24 13:44:00
198,6,statistics,False,False,2025-05-09 18:56:00
199,69,programming,False,True,2025-05-10 14:55:00
200,169,databases,True,True,2025-05-26 11:18:00
201,127,mathematics,True,False,2025-05-10 13:31:00
202,186,databases,False,False,2025-05-12 09:55:00
203,134,ethics,True,False,2025-05-01 11:14:00
204,167,electronics,False,True,2025-05-15 16:43:00
205,37,databases,False,True,2025-05-23 08:59:00
206,146,programming,False,True,2025-05-23 14:31:00
207,103,machine learning,False,False,2025-05-07 14:40:00
208,57,machine learning,False,False,2025-05-07 08:07:00
209,18,databases,False,False,2025-05-01 21:53:00
210,13,electronics,False,False,2025-05-17 12:08:00
211,100,statistics,False,False,2025-05-07 20:13:00
212,109,machine learning,False,False,2025-05-01 20:32:00
213,43,machine learning,False,False,2025-05-16 19:47:00
214,164,mathematics,True,True,2025-05-28 13:40:00
215,174,machine learning,True,False,2025-05-20 10:01:00
216,144,electronics,False,False,2025-05-19 19:53:00
217,14,electronics,True,True,2025-05-20 13:48:00
218,24,biology,False,False,2025-05-02 21:41:00
219,1,electronics,True,False,2025-05-13 09:30:00
220,89,mathematics,False,False,2025-05-18 08:13:00
221,135,mathematics,False,False,2025-05-10 12:40:00
222,18,statistics,True,True,2025-05-03 13:25:00
223,99,statistics,False,True,2025-05-27 13:12:00
224,134,statistics,False,True,2025-05-16 12:29:00
225,82,mathematics,True,True,2025-05-20 18:00:00
226,27,biology,False,False,2025-05-13 12:28:00
227,29,electronics,True,False,2025-05-02 09:59:00
228,156,programming,True,False,2025-05-13 17:33:00
229,178,ethics,False,False,2025-05-23 09:27:00
230,24,machine learning,True,True,2025-05-14 20:33:00
231,109,ethics,True,True,2025-05-27 21:24:00
232,113,statistics,True,False,2025-05-22 11:10:00
233,106,biology,True,False,2025-05-28 08:21:00
234,138,biology,True,True,2025-05-21 16:04:00
235,151,databases,True,True,2025-05-18 13:15:00
236,94,databases,False,False,2025-05-10 10:24:00
237,103,ethics,False,True,2025-05-11 16:02:00
238,18,electronics,False,False,2025-05-14 14:35:00
239,125,statistics,False,True,2025-05-01 10:50:00
240,132,ethics,True,True,2025-05-06 15:48:00
241,99,statistics,True,True,2025-05-09 13:04:00
242,164,mathematics,True,False,2025-05-06 13:08:00
243,133,programming,True,True,2025-05-08 08:51:00
244,140,mathematics,True,True,2025-05-18 17:59:00
245,121,mathematics,True,False,2025-05-21 15:48:00
246,58,databases,False,False,2025-05-16 20:30:00
247,121,programming,True,False,2025-05-04 20:32:00
248,75,ethics,True,True,2025-05-21 16:58:00
249,100,mathematics,True,False,2025-05-01 15:58:00
250,22,databases,True,True,2025-05-23 21:17:00
251,37,ethics,True,False,2025-05-07 18:03:00
252,90,ethics,False,False,2025-05-16 09:48:00
253,159,machine learning,False,False,2025-05-04 18:37:00
254,150,biology,False,True,2025-05-23 17:27:00
255,90,ethics,False,True,2025-05-14 12:02:00
256,156,statistics,False,False,2025-05-07 12:49:00
257,69,biology,True,True,2025-05-05 10:59:00
258,73,machine learning,False,False,2025-05-22 19:23:00
259,51,databases,False,False,2025-05-05 21:05:00
260,149,mathematics,True,True,2025-05-15 08:23:00
261,178,machine learning,True,False,2025-05-02 20:07:00
262,86,programming,True,False,2025-05-03 13:02:00
263,191,machine learning,False,True,2025-05-23 21:58:00
264,39,mathematics,True,True,2025-05-05 14:22:00
265,144,electronics,False,True,2025-05-28 15:58:00
266,87,statistics,False,False,2025-05-08 13:18:00
267,130,ethics,False,True,2025-05-03 17:11:00
268,28,programming,True,True,2025-05-27 12:24:00
269,63,machine learning,False,False,2025-05-21 14:54:00
270,73,databases,False,True,2025-05-01 11:05:00
271,127,machine learning,False,False,2025-05-14 13:09:00
272,200,biology,False,True,2025-05-09 21:56:00
273,152,ethics,False,False,2025-05-22 10:18:00
274,1,databases,True,True,2025-05-01 16:25:00
275,171,machine learning,True,True,2025-05-26 08:20:00
276,23,biology,False,False,2025-05-09 11:52:00
277,37,statistics,True,True,2025-05-24 08:56:00
278,166,statistics,False,True,2025-05-11 14:54:00
279,168,statistics,False,True,2025-05-26 08:05:00
280,15,mathematics,True,True,2025-05-17 21:38:00
281,151,programming,True,True,2025-05-24 08:51:00
282,80,mathematics,False,False,2025-05-06 16:41:00
283,60,programming,True,False,2025-05-11 16:56:00
284,154,mathematics,False,False,2025-05-20 19:14:00
285,13,ethics,False,False,2025-05-14 14:05:00
286,63,mathematics,False,True,2025-05-17 20:51:00
287,22,machine learning,True,True,2025-05-17 09:22:00
288,195,electronics,False,False,2025-05-25 15:54:00
289,1,statistics,False,False,2025-05-03 21:55:00
290,23,statistics,True,True,2025-05-22 20:47:00
291,63,ethics,True,True,2025-05-07 17:28:00
292,159,programming,False,False,2025-05-18 17:07:00
293,192,statistics,True,False,2025-05-16 14:46:00
294,92,programming,False,False,2025-05-13 20:31:00
295,110,ethics,True,False,2025-05-16 14:55:00
296,33,statistics,False,False,2025-05-14 11:27:00
297,140,biology,False,False,2025-05-01 09:46:00
298,168,databases,True,False,2025-05-15 14:11:00
299,152,machine learning,True,True,2025-05-15 16:53:00
300,177,statistics,False,False,2025-05-15 18:25:00
301,22,biology,False,False,2025-05-06 10:35:00
302,165,mathematics,False,False,2025-05-15 12:37:00
303,150,programming,True,True,2025-05-05 13:21:00
304,160,machine learning,True,True,2025-05-11 17:53:00
305,127,statistics,True,True,2025-05-18 13:47:00
306,137,programming,True,True,2025-05-23 12:07:00
307,198,machine learning,True,False,2025-05-11 15:35:00
308,150,databases,True,True,2025-05-19 21:22:00
309,102,ethics,True,True,2025-05-03 18:07:00
310,79,biology,False,True,2025-05-25 08:00:00
311,184,databases,False,True,2025-05-17 15:35:00
312,126,mathematics,True,True,2025-05-21 11:41:00
313,5,mathematics,False,False,2025-05-04 09:46:00
314,39,machine learning,True,True,2025-05-27 18:02:00
315,127,mathematics,True,True,2025-05-13 18:41:00
316,154,databases,True,False,2025-05-08 21:12:00
317,105,mathematics,False,False,2025-05-13 10:56:00
318,11,statistics,True,False,2025-05-01 10:51:00
319,67,machine learning,False,False,2025-05-05 12:44:00
320,147,electronics,True,True,2025-05-01 19:51:00
321,84,programming,True,False,2025-05-26 18:48:00
322,71,biology,True,False,2025-05-14 18:49:00
323,127,ethics,True,False,2025-05-26 11:23:00
324,166,statistics,True,False,2025-05-09 13:46:00
325,17,machine learning,True,False,2025-05-12 21:32:00
326,51,statistics,False,False,2025-05-26 12:35:00
327,190,biology,False,False,2025-05-21 16:27:00
328,162,ethics,True,True,2025-05-07 14:25:00
329,77,mathematics,False,True,2025-05-28 18:51:00
330,118,mathematics,True,True,2025-05-17 17:18:00
331,63,machine learning,True,False,2025-05-25 20:39:00
332,144,electronics,True,False,2025-05-10 11:55:00
333,187,biology,True,True,2025-05-28 16:02:00
334,92,electronics,True,False,2025-05-11 20:03:00
335,93,databases,False,True,2025-05-18 12:25:00
336,119,mathematics,True,False,2025-05-15 11:17:00
337,45,statistics,False,False,2025-05-19 08:44:00
338,120,ethics,True,False,2025-05-05 21:37:00
339,81,biology,True,False,2025-05-22 18:43:00
340,2,programming,True,False,2025-05-14 10:21:00
341,144,mathematics,False,True,2025-05-22 10:44:00
342,179,biology,False,True,2025-05-01 18:11:00
343,144,statistics,True,True,2025-05-03 10:58:00
344,119,statistics,False,False,2025-05-27 11:48:00
345,126,biology,False,False,2025-05-07 09:51:00
346,185,databases,False,True,2025-05-08 18:22:00
347,148,databases,True,False,2025-05-13 13:11:00
348,118,machine learning,False,True,2025-05-27 18:24:00
349,47,mathematics,False,True,2025-05-17 13:31:00
350,58,biology,False,False,2025-05-12 12:21:00
351,21,mathematics,True,False,2025-05-26 17:52:00
352,161,programming,True,True,2025-05-03 15:42:00
353,78,statistics,True,True,2025-05-23 15:44:00
354,9,ethics,False,False,2025-05-06 16:54:00
355,28,ethics,True,True,2025-05-09 14:06:00
356,36,ethics,False,False,2025-05-12 14:46:00
357,185,machine learning,False,False,2025-05-09 09:11:00
358,193,programming,True,True,2025-05-17 20:41:00
359,114,mathematics,True,True,2025-05-14 17:14:00
360,22,mathematics,False,False,2025-05-26 21:15:00
361,159,machine learning,False,False,2025-05-24 15:03:00
362,80,databases,True,False,2025-05-27 10:58:00
363,174,statistics,False,False,2025-05-22 20:06:00
364,45,statistics,False,True,2025-05-27 20:33:00
365,143,biology,False,True,2025-05-28 09:42:00
366,75,biology,False,True,2025-05-20 21:15:00
367,103,databases,True,True,2025-05-18 10:50:00
368,185,databases,True,True,2025-05-16 13:49:00
369,95,programming,True,True,2025-05-04 19:21:00
370,75,electronics,False,False,2025-05-07 09:33:00
371,182,machine learning,True,True,2025-05-20 13:14:00
372,22,databases,False,False,2025-05-22 17:30:00
373,124,biology,True,False,2025-05-01 14:09:00
374,175,ethics,False,False,2025-05-20 10:24:00
375,87,statistics,False,False,2025-05-28 10:32:00
376,29,programming,False,True,2025-05-24 08:46:00
377,129,databases,True,False,2025-05-06 09:37:00
378,141,programming,True,True,2025-05-26 13:28:00
379,56,ethics,False,False,2025-05-04 20:01:00
380,92,ethics,True,True,2025-05-16 08:28:00
381,165,programming,True,False,2025-05-12 21:12:00
382,15,mathematics,True,True,2025-05-26 10:00:00
383,34,statistics,False,True,2025-05-18 15:35:00
384,157,electronics,True,True,2025-05-21 13:56:00
385,15,machine learning,True,True,2025-05-15 20:25:00
386,13,electronics,True,False,2025-05-01 17:49:00
387,185,ethics,False,True,2025-05-22 13:19:00
388,161,databases,True,False,2025-05-08 20:27:00
389,139,statistics,False,True,2025-05-27 16:42:00
390,34,biology,True,True,2025-05-04 11:15:00
391,72,electronics,True,True,2025-05-06 10:00:00
392,26,databases,True,False,2025-05-12 20:15:00
393,45,statistics,True,True,2025-05-22 19:04:00
394,193,machine learning,False,False,2025-05-08 14:53:00
395,3,programming,True,True,2025-05-21 19:30:00
396,63,ethics,False,False,2025-05-24 16:37:00
397,181,ethics,True,True,2025-05-06 08:02:00
398,6,programming,True,True,2025-05-25 08:30:00
399,3,electronics,True,True,2025-05-18 13:55:00
400,8,biology,False,False,2025-05-04 10:13:00
401,118,programming,True,True,2025-05-25 17:48:00
402,21,electronics,False,False,2025-05-12 12:59:00
403,94,machine learning,True,True,2025-05-12 13:24:00
404,30,ethics,False,False,2025-05-03 11:28:00
405,115,machine learning,False,False,2025-05-25 10:54:00
406,109,programming,True,True,2025-05-05 19:25:00
407,196,ethics,False,False,2025-05-18 11:01:00
408,96,programming,True,True,2025-05-07 16:54:00
409,135,mathematics,True,True,2025-05-06 19:08:00
410,56,electronics,False,False,2025-05-22 14:04:00
411,78,machine learning,True,True,2025-05-06 15:27:00
412,53,programming,False,True,2025-05-03 20:29:00
413,107,databases,False,False,2025-05-21 18:06:00
414,96,programming,True,True,2025-05-20 14:34:00
415,189,machine learning,True,False,2025-05-09 15:01:00
416,65,machine learning,True,True,2025-05-19 16:57:00
417,124,statistics,False,True,2025-05-01 08:17:00
418,139,statistics,True,False,2025-05-13 19:14:00
419,177,databases,False,False,2025-05-24 10:49:00
420,181,databases,False,False,2025-05-16 08:24:00
421,85,mathematics,False,True,2025-05-09 08:24:00
422,191,programming,False,True,2025-05-03 16:28:00
423,44,ethics,True,True,2025-05-04 16:12:00
424,6,machine learning,True,True,2025-05-21 08:54:00
425,123,electronics,True,True,2025-05-27 17:30:00
426,73,mathematics,False,False,2025-05-11 10:59:00
427,35,electronics,True,True,2025-05-18 21:26:00
428,86,programming,False,True,2025-05-18 17:34:00
429,170,mathematics,True,False,2025-05-14 09:31:00
430,55,biology,False,False,2025-05-14 21:15:00
431,25,programming,False,True,2025-05-06 17:29:00
432,94,databases,False,False,2025-05-24 21:48:00
433,107,machine learning,True,True,2025-05-07 15:58:00
434,144,statistics,False,True,2025-05-17 21:44:00
435,182,mathematics,False,False,2025-05-13 16:10:00
436,179,mathematics,True,False,2025-05-16 09:27:00
437,127,databases,True,False,2025-05-04 14:14:00
438,177,statistics,True,False,2025-05-03 15:39:00
439,135,mathematics,True,True,2025-05-10 19:38:00
440,15,biology,True,False,2025-05-24 12:23:00
441,133,biology,False,False,2025-05-23 14:57:00
442,61,programming,False,False,2025-05-05 15:54:00
443,72,databases,False,True,2025-05-05 13:49:00
444,88,programming,True,False,2025-05-27 17:44:00
445,190,programming,True,True,2025-05-21 19:53:00
446,66,databases,False,False,2025-05-04 21:45:00
447,47,mathematics,False,True,2025-05-04 19:34:00
448,102,biology,True,True,2025-05-09 09:52:00
449,54,biology,False,False,2025-05-08 09:20:00
450,100,statistics,True,True,2025-05-01 20:51:00
451,121,biology,False,False,2025-05-25 17:02:00
452,167,electronics,False,False,2025-05-12 20:37:00
453,138,mathematics,True,False,2025-05-18 19:39:00
454,155,ethics,False,False,2025-05-16 18:49:00
455,49,programming,True,False,2025-05-14 14:32:00
456,17,ethics,True,True,2025-05-07 14:28:00
457,8,ethics,True,True,2025-05-22 11:45:00
458,76,databases,False,False,2025-05-10 10:41:00
459,44,electronics,False,False,2025-05-04 19:39:00
460,135,statistics,False,False,2025-05-26 20:03:00
461,106,statistics,False,True,2025-05-14 13:19:00
462,4,electronics,True,True,2025-05-10 12:10:00
463,76,electronics,False,False,2025-05-05 18:42:00
464,8,biology,True,True,2025-05-01 19:38:00
465,79,programming,True,True,2025-05-04 18:47:00
466,132,biology,True,True,2025-05-14 12:00:00
467,157,electronics,False,True,2025-05-16 13:12:00
468,159,statistics,False,False,2025-05-15 08:20:00
469,80,biology,False,True,2025-05-03 18:40:00
470,160,databases,True,False,2025-05-13 21:04:00
471,171,mathematics,False,False,2025-05-21 11:20:00
472,99,databases,True,True,2025-05-02 18:11:00
473,62,machine learning,True,False,2025-05-19 18:59:00
474,109,biology,False,False,2025-05-08 11:34:00
475,99,programming,True,True,2025-05-21 21:34:00
476,194,statistics,True,False,2025-05-26 20:19:00
477,33,databases,True,False,2025-05-10 08:24:00
478,109,statistics,False,False,2025-05-09 14:12:00
479,52,statistics,False,False,2025-05-08 12:13:00
480,121,machine learning,True,False,2025-05-14 17:16:00
481,188,biology,True,True,2025-05-26 12:11:00
482,73,machine learning,True,True,2025-05-20 10:35:00
483,85,statistics,True,True,2025-05-11 21:53:00
484,6,biology,False,True,2025-05-20 12:56:00
485,123,statistics,False,False,2025-05-19 14:51:00
486,155,biology,False,False,2025-05-07 13:38:00
487,25,biology,False,False,2025-05-02 12:29:00
488,32,mathematics,False,False,2025-05-02 20:37:00
489,151,ethics,True,True,2025-05-07 12:18:00
490,190,machine learning,False,False,2025-05-17 14:27:00
491,116,electronics,False,False,2025-05-15 08:26:00
492,180,mathematics,True,False,2025-05-28 21:55:00
493,111,electronics,False,True,2025-05-20 15:58:00
494,22,statistics,True,False,2025-05-26 16:16:00
495,184,biology,False,False,2025-05-13 15:53:00
496,92,mathematics,True,False,2025-05-21 13:04:00
497,139,mathematics,False,False,2025-05-22 09:24:00
498,126,databases,False,True,2025-05-07 12:44:00
499,54,machine learning,False,True,2025-05-19 16:20:00
500,5,electronics,False,False,2025-05-11 20:58:00
501,5,machine learning,False,False,2025-05-28 19:36:00
502,59,databases,True,True,2025-05-27 19:47:00
503,68,machine learning,False,False,2025-05-03 15:53:00
504,180,biology,False,True,2025-05-26 15:07:00
505,77,biology,False,False,2025-05-02 21:43:00
506,62,ethics,False,False,2025-05-14 19:11:00
507,194,programming,True,False,2025-05-21 14:48:00
508,194,statistics,True,False,2025-05-25 19:26:00
509,144,statistics,False,False,2025-05-11 16:22:00
510,57,mathematics,True,False,2025-05-25 09:54:00
511,196,machine learning,True,True,2025-05-20 13:05:00
512,157,electronics,False,True,2025-05-21 16:55:00
513,95,ethics,True,False,2025-05-15 13:33:00
514,97,statistics,False,True,2025-05-13 13:26:00
515,38,machine learning,True,True,2025-05-07 12:19:00
516,175,electronics,True,False,2025-05-13 16:49:00
517,154,statistics,True,False,2025-05-08 09:34:00
518,19,statistics,False,True,2025-05-12 15:43:00
519,108,mathematics,True,False,2025-05-15 11:53:00
520,32,biology,False,True,2025-05-15 15:56:00
521,110,databases,True,True,2025-05-13 11:25:00
522,114,ethics,False,False,2025-05-27 15:16:00
523,127,electronics,False,False,2025-05-22 12:41:00
524,62,biology,False,False,2025-05-05 17:22:00
525,49,electronics,True,True,2025-05-27 21:01:00
526,193,ethics,False,False,2025-05-14 16:30:00
527,73,mathematics,True,False,2025-05-28 15:26:00
528,120,ethics,True,True,2025-05-12 11:19:00
529,23,statistics,True,False,2025-05-21 20:13:00
530,16,mathematics,False,True,2025-05-21 19:02:00
531,147,machine learning,False,False,2025-05-12 14:22:00
532,186,electronics,False,True,2025-05-24 12:21:00
533,63,biology,False,False,2025-05-21 18:27:00
534,94,statistics,True,False,2025-05-28 18:08:00
535,106,mathematics,True,True,2025-05-28 08:16:00
536,120,programming,True,False,2025-05-03 08:47:00
537,63,biology,False,False,2025-05-27 14:04:00
538,21,machine learning,False,False,2025-05-27 13:05:00
539,23,biology,False,False,2025-05-17 11:47:00
540,115,machine learning,False,True,2025-05-03 12:46:00
541,79,programming,True,True,2025-05-17 18:48:00
542,166,mathematics,True,True,2025-05-09 19:29:00
543,188,machine learning,False,True,2025-05-18 10:45:00
544,158,databases,True,True,2025-05-12 14:21:00
545,154,programming,False,True,2025-05-09 19:10:00
546,180,databases,True,True,2025-05-19 19:11:00
547,128,mathematics,True,True,2025-05-11 12:53:00
548,124,machine learning,False,False,2025-05-06 10:04:00
549,65,programming,True,True,2025-05-18 14:24:00
550,9,statistics,True,True,2025-05-07 16:37:00
551,24,biology,True,False,2025-05-06 12:29:00
552,77,mathematics,False,False,2025-05-07 13:38:00
553,68,databases,True,True,2025-05-24 11:50:00
554,130,biology,True,True,2025-05-03 16:58:00
555,192,machine learning,False,False,2025-05-14 12:59:00
556,128,programming,True,True,2025-05-07 13:04:00
557,130,biology,False,True,2025-05-17 13:12:00
558,69,biology,False,False,2025-05-18 21:05:00
559,90,biology,True,False,2025-05-21 10:44:00
560,31,biology,True,True,2025-05-20 20:39:00
561,15,programming,False,False,2025-05-06 16:24:00
562,85,programming,True,True,2025-05-13 15:22:00
563,195,statistics,False,True,2025-05-28 09:37:00
564,57,programming,True,False,2025-05-18 19:48:00
565,11,programming,False,False,2025-05-27 12:55:00
566,99,databases,True,True,2025-05-10 10:06:00
567,177,ethics,False,True,2025-05-24 21:15:00
568,196,programming,False,False,2025-05-06 09:32:00
569,81,electronics,True,False,2025-05-03 09:18:00
570,186,programming,True,True,2025-05-11 18:22:00
571,93,programming,True,True,2025-05-11 11:02:00
572,49,mathematics,True,True,2025-05-15 15:34:00
573,23,mathematics,False,True,2025-05-20 19:26:00
574,93,biology,False,True,2025-05-11 15:26:00
575,190,electronics,False,False,2025-05-11 12:07:00
576,143,programming,False,True,2025-05-05 14:39:00
577,154,machine learning,True,True,2025-05-10 18:05:00
578,159,mathematics,False,False,2025-05-14 09:58:00
579,178,machine learning,False,False,2025-05-23 17:05:00
580,5,databases,True,False,2025-05-06 18:16:00
581,35,databases,False,True,2025-05-14 21:32:00
582,33,ethics,True,True,2025-05-12 18:25:00
583,44,machine learning,False,True,2025-05-05 08:33:00
584,50,programming,False,False,2025-05-24 08:00:00
585,89,biology,False,True,2025-05-16 10:48:00
586,34,statistics,False,False,2025-05-06 10:01:00
587,12,electronics,False,False,2025-05-18 13:39:00
588,127,statistics,False,True,2025-05-18 15:07:00
589,38,biology,False,True,2025-05-06 19:51:00
590,12,mathematics,True,False,2025-05-23 10:58:00
591,162,machine learning,False,True,2025-05-02 12:35:00
592,8,databases,True,False,2025-05-09 08:26:00
593,92,electronics,False,False,2025-05-15 20:25:00
594,178,mathematics,False,False,2025-05-23 17:01:00
595,66,biology,False,False,2025-05-14 14:44:00
596,67,machine learning,True,True,2025-05-11 18:53:00
597,91,ethics,True,True,2025-05-17 16:59:00
598,131,biology,True,False,2025-05-14 19:58:00
599,158,statistics,False,True,2025-05-13 18:03:00
600,107,databases,False,False,2025-05-27 17:01:00
601,23,statistics,False,False,2025-05-18 14:00:00
602,72,ethics,True,True,2025-05-03 20:36:00
603,158,statistics,True,True,2025-05-11 09:48:00
604,185,biology,False,False,2025-05-24 11:35:00
605,44,electronics,False,False,2025-05-03 17:45:00
606,193,mathematics,True,True,2025-05-12 11:19:00
607,113,biology,True,True,2025-05-03 19:26:00
608,122,biology,True,True,2025-05-24 11:08:00
609,169,electronics,False,False,2025-05-28 16:48:00
610,133,machine learning,True,False,2025-05-27 20:21:00
611,98,databases,False,True,2025-05-12 20:42:00
612,170,databases,False,True,2025-05-17 10:45:00
613,138,programming,False,False,2025-05-17 11:09:00
614,63,biology,True,True,2025-05-14 16:46:00
615,77,ethics,False,False,2025-05-14 18:31:00
616,129,electronics,True,False,2025-05-11 20:35:00
617,57,electronics,True,True,2025-05-19 13:53:00
618,148,statistics,True,True,2025-05-12 18:12:00
619,21,biology,False,True,2025-05-22 20:45:00
620,85,ethics,False,True,2025-05-09 16:45:00
621,118,programming,False,True,2025-05-23 18:18:00
622,135,databases,True,False,2025-05-14 15:20:00
623,195,programming,True,False,2025-05-26 17:39:00
624,127,electronics,True,True,2025-05-20 14:22:00
625,82,machine learning,True,True,2025-05-10 09:39:00
626,104,statistics,True,True,2025-05-24 08:58:00
627,13,databases,False,True,2025-05-02 21:07:00
628,102,programming,False,False,2025-05-25 19:20:00
629,148,databases,True,False,2025-05-09 10:08:00
630,135,statistics,True,True,2025-05-10 20:42:00
631,154,mathematics,True,True,2025-05-19 18:33:00
632,197,mathematics,True,False,2025-05-03 20:40:00
633,130,statistics,False,True,2025-05-07 12:35:00
634,2,statistics,True,False,2025-05-15 19:15:00
635,96,machine learning,False,False,2025-05-24 15:06:00
636,89,mathematics,True,True,2025-05-12 11:37:00
637,40,machine learning,False,True,2025-05-16 21:17:00
638,192,databases,False,True,2025-05-16 10:03:00
639,162,electronics,True,True,2025-05-20 17:04:00
640,28,biology,False,True,2025-05-14 15:47:00
641,161,biology,False,True,2025-05-24 08:10:00
642,22,biology,False,False,2025-05-24 21:50:00
643,167,statistics,False,True,2025-05-28 08:43:00
644,128,databases,True,False,2025-05-03 10:24:00
645,47,biology,True,True,2025-05-13 15:41:00
646,132,mathematics,True,False,2025-05-15 16:39:00
647,199,biology,False,False,2025-05-03 18:50:00
648,145,programming,False,False,2025-05-15 15:23:00
649,95,electronics,True,True,2025-05-10 09:50:00
650,79,statistics,False,True,2025-05-22 09:27:00
651,71,statistics,False,True,2025-05-17 20:41:00
652,87,ethics,False,False,2025-05-15 14:22:00
653,98,mathematics,False,False,2025-05-16 08:23:00
654,84,statistics,True,True,2025-05-21 21:19:00
655,57,ethics,False,False,2025-05-22 15:06:00
656,87,databases,False,False,2025-05-05 19:00:00
657,150,mathematics,True,True,2025-05-16 14:44:00
658,62,statistics,True,True,2025-05-12 17:29:00
659,120,mathematics,True,True,2025-05-04 09:21:00
660,165,statistics,True,True,2025-05-25 12:39:00
661,68,electronics,True,True,2025-05-23 16:30:00
662,35,ethics,True,False,2025-05-17 13:25:00
663,66,ethics,True,True,2025-05-10 09:25:00
664,137,ethics,True,False,2025-05-07 17:42:00
665,81,biology,True,False,2025-05-12 13:35:00
666,5,biology,False,False,2025-05-16 19:38:00
667,78,programming,False,True,2025-05-21 14:25:00
668,12,electronics,True,False,2025-05-21 18:07:00
669,199,statistics,True,True,2025-05-24 19:41:00
670,164,mathematics,True,True,2025-05-15 09:16:00
671,103,ethics,False,False,2025-05-21 19:06:00
672,66,ethics,False,False,2025-05-24 20:51:00
673,178,biology,True,True,2025-05-23 13:36:00
674,88,statistics,False,False,2025-05-16 12:23:00
675,183,ethics,False,True,2025-05-01 11:38:00
676,100,biology,True,True,2025-05-20 18:01:00
677,169,ethics,False,False,2025-05-24 08:24:00
678,118,mathematics,False,False,2025-05-16 16:27:00
679,180,biology,False,False,2025-05-11 18:06:00
680,102,biology,False,True,2025-05-19 20:49:00
681,61,machine learning,False,False,2025-05-15 14:43:00
682,64,machine learning,True,True,2025-05-16 11:23:00
683,173,machine learning,False,False,2025-05-02 15:03:00
684,117,statistics,True,True,2025-05-09 20:05:00
685,55,programming,True,True,2025-05-25 11:39:00
686,2,ethics,True,True,2025-05-28 12:10:00
687,127,statistics,False,False,2025-05-14 14:54:00
688,173,machine learning,False,True,2025-05-15 20:52:00
689,17,mathematics,False,True,2025-05-07 19:49:00
690,171,ethics,True,True,2025-05-22 19:14:00
691,94,biology,False,False,2025-05-18 21:09:00
692,100,biology,False,False,2025-05-06 18:26:00
693,61,electronics,False,False,2025-05-23 20:51:00
694,18,machine learning,True,True,2025-05-14 17:06:00
695,23,statistics,False,False,2025-05-26 20:10:00
696,20,biology,True,False,2025-05-28 10:51:00
697,97,ethics,True,True,2025-05-26 18:34:00
698,146,biology,False,True,2025-05-26 17:55:00
699,79,biology,True,False,2025-05-15 12:40:00
700,162,statistics,True,False,2025-05-06 13:43:00
701,82,programming,True,False,2025-05-17 09:51:00
702,198,biology,False,False,2025-05-03 11:24:00
703,116,biology,True,False,2025-05-05 08:13:00
704,142,programming,False,False,2025-05-23 17:13:00
705,114,electronics,False,False,2025-05-25 09:34:00
706,200,programming,False,False,2025-05-09 14:42:00
707,35,electronics,True,False,2025-05-22 16:15:00
708,51,mathematics,True,True,2025-05-04 09:11:00
709,114,machine learning,True,True,2025-05-01 11:00:00
710,131,electronics,True,False,2025-05-15 15:02:00
711,188,ethics,False,False,2025-05-14 09:34:00
712,61,biology,False,True,2025-05-01 15:26:00
713,168,machine learning,True,False,2025-05-06 09:31:00
714,38,machine learning,True,True,2025-05-18 08:42:00
715,77,statistics,True,True,2025-05-02 11:56:00
716,172,biology,True,False,2025-05-26 14:16:00
717,158,programming,True,True,2025-05-13 08:20:00
718,184,mathematics,False,False,2025-05-13 20:58:00
719,65,ethics,False,False,2025-05-21 08:14:00
720,77,programming,True,False,2025-05-23 17:28:00
721,175,biology,True,True,2025-05-18 17:06:00
722,49,machine learning,True,True,2025-05-15 08:29:00
723,71,statistics,True,False,2025-05-03 17:15:00
724,164,biology,False,False,2025-05-06 14:50:00
725,1,mathematics,True,True,2025-05-18 19:32:00
726,117,mathematics,True,True,2025-05-05 21:53:00
727,155,biology,True,False,2025-05-18 11:48:00
728,129,programming,False,True,2025-05-01 14:23:00
729,115,programming,True,False,2025-05-16 12:21:00
730,65,biology,True,True,2025-05-04 08:56:00
731,42,programming,False,True,2025-05-05 16:15:00
732,49,ethics,True,True,2025-05-19 17:00:00
733,57,ethics,True,False,2025-05-04 15:59:00
734,127,mathematics,True,True,2025-05-07 08:22:00
735,106,electronics,False,False,2025-05-03 10:16:00
736,179,machine learning,True,True,2025-05-09 16:51:00
737,60,biology,False,False,2025-05-07 11:28:00
738,99,ethics,False,True,2025-05-25 21:25:00
739,118,mathematics,True,False,2025-05-01 14:17:00
740,58,ethics,True,False,2025-05-22 18:42:00
741,60,ethics,False,False,2025-05-25 11:02:00
742,59,machine learning,True,True,2025-05-24 21:46:00
743,186,ethics,True,False,2025-05-09 21:21:00
744,30,electronics,False,True,2025-05-18 21:02:00
745,151,ethics,True,False,2025-05-24 20:13:00
746,30,machine learning,False,False,2025-05-01 21:21:00
747,75,biology,True,True,2025-05-27 17:45:00
748,77,programming,False,False,2025-05-04 09:03:00
749,124,machine learning,False,False,2025-05-10 15:23:00
750,75,biology,False,True,2025-05-15 10:32:00
751,145,machine learning,False,True,2025-05-22 17:13:00
752,76,mathematics,False,True,2025-05-25 11:37:00
753,3,machine learning,False,True,2025-05-17 21:22:00
754,190,machine learning,True,False,2025-05-24 17:46:00
755,153,machine learning,True,False,2025-05-03 11:33:00
756,34,ethics,False,False,2025-05-02 17:49:00
757,114,ethics,False,False,2025-05-20 13:29:00
758,11,machine learning,False,True,2025-05-05 14:14:00
759,128,ethics,True,True,2025-05-03 18:50:00
760,22,statistics,True,True,2025-05-12 09:08:00
761,142,mathematics,False,True,2025-05-14 16:57:00
762,168,databases,False,True,2025-05-08 11:43:00
763,199,statistics,True,False,2025-05-20 17:59:00
764,59,machine learning,True,True,2025-05-27 19:56:00
765,8,machine learning,False,False,2025-05-19 12:45:00
766,59,biology,False,True,2025-05-21 10:12:00
767,88,biology,True,False,2025-05-25 10:38:00
768,79,statistics,True,True,2025-05-16 19:53:00
769,13,electronics,True,True,2025-05-09 16:56:00
770,143,biology,True,True,2025-05-08 09:07:00
771,149,mathematics,False,False,2025-05-09 10:23:00
772,90,mathematics,False,False,2025-05-11 11:28:00
773,106,databases,False,True,2025-05-12 13:51:00
774,8,machine learning,True,False,2025-05-18 16:40:00
775,115,databases,False,True,2025-05-02 11:46:00
776,152,statistics,False,True,2025-05-03 15:02:00
777,24,biology,False,False,2025-05-18 14:26:00
778,54,databases,False,False,2025-05-18 20:30:00
779,145,ethics,False,False,2025-05-07 21:51:00
780,180,electronics,True,False,2025-05-19 13:51:00
781,105,ethics,True,False,2025-05-22 17:25:00
782,80,statistics,True,True,2025-05-07 20:11:00
783,139,mathematics,False,True,2025-05-01 13:05:00
784,180,electronics,True,True,2025-05-11 18:05:00
785,39,databases,False,True,2025-05-24 19:41:00
786,193,ethics,True,False,2025-05-12 12:23:00
787,70,ethics,True,True,2025-05-20 10:42:00
788,179,electronics,True,False,2025-05-13 14:08:00
789,120,programming,True,False,2025-05-12 10:25:00
790,175,electronics,False,False,2025-05-06 21:03:00
791,59,ethics,False,True,2025-05-18 20:21:00
792,75,statistics,False,False,2025-05-07 08:36:00
793,96,statistics,False,False,2025-05-23 16:13:00
794,102,machine learning,False,False,2025-05-02 20:05:00
795,67,databases,True,False,2025-05-08 10:25:00
796,125,biology,True,False,2025-05-17 19:06:00
797,159,biology,False,True,2025-05-02 19:06:00
798,145,ethics,True,True,2025-05-22 10:01:00
799,159,databases,True,True,2025-05-02 09:54:00
800,144,biology,True,False,2025-05-05 11:14:00
801,181,mathematics,True,True,2025-05-27 12:36:00
802,166,biology,False,False,2025-05-17 10:37:00
803,27,biology,True,False,2025-05-11 20:07:00
804,20,ethics,True,True,2025-05-03 12:38:00
805,43,ethics,False,False,2025-05-11 21:59:00
806,118,electronics,True,False,2025-05-06 12:35:00
807,120,databases,False,False,2025-05-13 10:22:00
808,154,statistics,True,False,2025-05-23 09:11:00
809,77,ethics,False,False,2025-05-24 15:15:00
810,195,ethics,False,False,2025-05-16 10:56:00
811,193,electronics,True,True,2025-05-07 18:56:00
812,88,ethics,False,False,2025-05-17 15:10:00
813,155,ethics,False,True,2025-05-04 13:57:00
814,104,statistics,False,False,2025-05-17 21:43:00
815,166,mathematics,True,True,2025-05-25 20:14:00
816,70,electronics,False,False,2025-05-05 12:30:00
817,149,mathematics,False,False,2025-05-24 08:36:00
818,74,biology,True,True,2025-05-16 11:30:00
819,107,machine learning,True,False,2025-05-13 19:49:00
820,178,electronics,False,True,2025-05-20 10:59:00
821,9,statistics,True,False,2025-05-02 17:48:00
822,22,mathematics,False,True,2025-05-04 18:21:00
823,38,programming,True,True,2025-05-25 15:11:00
824,47,electronics,True,False,2025-05-16 21:21:00
825,108,mathematics,False,False,2025-05-21 09:33:00
826,69,statistics,True,True,2025-05-07 13:39:00
827,136,electronics,False,True,2025-05-06 10:36:00
828,138,biology,False,False,2025-05-20 14:43:00
829,107,ethics,False,False,2025-05-26 09:22:00
830,64,databases,False,True,2025-05-06 14:49:00
831,42,statistics,False,False,2025-05-13 13:00:00
832,11,mathematics,False,True,2025-05-19 08:45:00
833,163,ethics,True,True,2025-05-14 09:55:00
834,166,ethics,True,True,2025-05-08 21:47:00
835,181,mathematics,True,True,2025-05-23 12:11:00
836,165,ethics,True,True,2025-05-20 10:46:00
837,181,ethics,False,False,2025-05-12 20:55:00
838,69,statistics,False,True,2025-05-10 11:43:00
839,148,biology,True,True,2025-05-28 11:47:00
840,200,biology,False,False,2025-05-06 16:30:00
841,143,statistics,False,True,2025-05-08 21:51:00
842,131,mathematics,True,True,2025-05-16 11:17:00
843,88,statistics,True,False,2025-05-02 10:14:00
844,109,databases,True,False,2025-05-10 20:30:00
845,65,biology,True,True,2025-05-07 19:52:00
846,118,biology,True,True,2025-05-02 13:58:00
847,19,databases,True,True,2025-05-11 09:52:00
848,8,biology,True,True,2025-05-11 16:54:00
849,128,electronics,True,True,2025-05-21 19:03:00
850,70,electronics,True,False,2025-05-11 14:19:00
851,19,biology,True,False,2025-05-27 13:54:00
852,23,mathematics,True,True,2025-05-16 20:33:00
853,20,biology,False,False,2025-05-01 13:45:00
854,191,electronics,True,False,2025-05-25 09:39:00
855,183,ethics,False,True,2025-05-28 20:20:00
856,92,machine learning,True,True,2025-05-14 20:14:00
857,45,databases,False,False,2025-05-09 14:15:00
858,5,machine learning,False,False,2025-05-05 21:54:00
859,20,biology,False,False,2025-05-23 14:15:00
860,81,mathematics,True,False,2025-05-15 14:04:00
861,81,biology,True,True,2025-05-20 16:42:00
862,99,machine learning,False,True,2025-05-20 15:29:00
863,20,machine learning,True,False,2025-05-01 16:02:00
864,191,mathematics,False,True,2025-05-03 12:48:00
865,194,mathematics,True,True,2025-05-24 11:38:00
866,39,programming,True,True,2025-05-18 17:13:00
867,10,machine learning,True,False,2025-05-22 09:24:00
868,63,ethics,False,True,2025-05-23 16:46:00
869,91,biology,True,False,2025-05-14 17:02:00
870,90,machine learning,False,False,2025-05-11 14:48:00
871,143,ethics,False,True,2025-05-06 16:02:00
872,4,ethics,True,True,2025-05-06 21:00:00
873,186,electronics,False,False,2025-05-15 10:40:00
874,50,electronics,True,True,2025-05-01 15:33:00
875,58,mathematics,False,False,2025-05-18 11:03:00
876,197,biology,True,True,2025-05-04 18:16:00
877,89,statistics,False,False,2025-05-14 15:57:00
878,21,mathematics,True,True,2025-05-14 14:33:00
879,132,programming,False,False,2025-05-28 16:21:00
880,196,machine learning,True,True,2025-05-10 13:27:00
881,12,biology,True,True,2025-05-27 14:13:00
882,78,mathematics,True,False,2025-05-21 18:28:00
883,54,mathematics,False,True,2025-05-05 13:33:00
884,89,statistics,True,False,2025-05-08 20:30:00
885,181,mathematics,True,False,2025-05-22 11:06:00
886,97,programming,True,True,2025-05-19 20:10:00
887,107,ethics,True,True,2025-05-22 10:00:00
888,27,databases,True,False,2025-05-12 21:18:00
889,87,biology,True,False,2025-05-10 17:02:00
890,130,statistics,False,False,2025-05-19 21:31:00
891,103,ethics,False,True,2025-05-05 12:24:00
892,25,electronics,True,True,2025-05-08 16:14:00
893,198,programming,False,True,2025-05-10 11:20:00
894,41,statistics,False,False,2025-05-01 15:44:00
895,183,machine learning,True,True,2025-05-11 12:26:00
896,194,ethics,True,True,2025-05-23 11:22:00
897,26,databases,False,False,2025-05-05 13:09:00
898,116,mathematics,False,False,2025-05-01 10:08:00
899,64,electronics,True,True,2025-05-02 13:24:00
900,191,programming,True,False,2025-05-06 13:05:00
901,169,mathematics,True,True,2025-05-27 12:06:00
902,133,mathematics,False,True,2025-05-11 09:26:00
903,104,programming,True,False,2025-05-28 10:13:00
904,149,electronics,True,True,2025-05-25 12:31:00
905,163,machine learning,False,False,2025-05-26 11:26:00
906,22,biology,True,True,2025-05-27 16:51:00
907,73,databases,True,True,2025-05-06 20:16:00
908,178,machine learning,False,True,2025-05-07 19:04:00
909,63,programming,False,True,2025-05-10 13:02:00
910,58,programming,False,False,2025-05-18 08:44:00
911,40,programming,True,True,2025-05-09 20:07:00
912,155,machine learning,False,False,2025-05-01 14:05:00
913,7,programming,True,False,2025-05-28 16:36:00
914,191,databases,True,True,2025-05-24 13:54:00
915,97,databases,False,False,2025-05-10 19:31:00
916,105,statistics,False,False,2025-05-10 09:02:00
917,57,statistics,True,True,2025-05-25 09:33:00
918,27,programming,True,False,2025-05-10 08:21:00
919,22,biology,False,True,2025-05-21 09:28:00
920,151,ethics,False,True,2025-05-02 16:23:00
921,107,mathematics,True,False,2025-05-26 14:29:00
922,26,ethics,True,False,2025-05-17 11:04:00
923,6,biology,True,True,2025-05-25 14:17:00
924,81,databases,True,False,2025-05-15 13:42:00
925,121,ethics,False,False,2025-05-24 12:01:00
926,57,ethics,True,False,2025-05-09 12:39:00
927,161,ethics,False,False,2025-05-01 17:14:00
928,64,machine learning,False,False,2025-05-24 17:18:00
929,23,electronics,True,False,2025-05-03 08:53:00
930,99,ethics,True,True,2025-05-12 11:04:00
931,180,ethics,False,True,2025-05-13 11:05:00
932,176,machine learning,False,True,2025-05-21 13:18:00
933,105,statistics,False,True,2025-05-13 08:24:00
934,74,electronics,True,True,2025-05-17 14:29:00
935,154,electronics,True,True,2025-05-17 12:33:00
936,18,statistics,True,False,2025-05-13 20:06:00
937,7,ethics,False,False,2025-05-26 15:00:00
938,193,statistics,True,True,2025-05-21 15:20:00
939,147,statistics,False,False,2025-05-27 08:28:00
940,136,programming,True,False,2025-05-15 09:36:00
941,181,mathematics,False,False,2025-05-09 17:01:00
942,44,electronics,False,True,2025-05-03 20:22:00
943,86,electronics,False,False,2025-05-08 11:14:00
944,171,machine learning,False,True,2025-05-23 13:23:00
945,42,ethics,True,False,2025-05-25 18:01:00
946,55,mathematics,False,True,2025-05-25 08:19:00
947,159,databases,False,False,2025-05-13 18:25:00
948,90,programming,True,True,2025-05-24 17:30:00
949,166,ethics,False,True,2025-05-07 17:55:00
950,78,databases,False,False,2025-05-09 16:31:00
951,184,statistics,False,False,2025-05-26 19:51:00
952,144,machine learning,False,False,2025-05-28 13:42:00
953,63,ethics,False,True,2025-05-22 20:24:00
954,142,programming,True,True,2025-05-08 12:36:00
955,52,ethics,False,False,2025-05-20 14:28:00
956,9,programming,True,True,2025-05-16 21:14:00
957,82,programming,True,True,2025-05-13 10:21:00
958,7,statistics,True,False,2025-05-12 20:16:00
959,101,ethics,True,True,2025-05-01 09:18:00
960,170,biology,False,False,2025-05-16 08:54:00
961,60,databases,False,True,2025-05-16 19:53:00
962,26,machine learning,False,False,2025-05-24 17:09:00
963,93,mathematics,True,True,2025-05-11 08:39:00
964,45,mathematics,True,True,2025-05-22 09:50:00
965,29,programming,False,False,2025-05-27 13:27:00
966,19,ethics,True,False,2025-05-07 16:16:00
967,65,programming,False,False,2025-05-05 09:54:00
968,60,databases,True,False,2025-05-21 20:12:00
969,136,machine learning,False,False,2025-05-27 17:39:00
970,14,machine learning,False,False,2025-05-16 10:12:00
971,173,electronics,False,True,2025-05-22 12:33:00
972,32,ethics,True,False,2025-05-21 11:40:00
973,106,biology,False,False,2025-05-24 14:04:00
974,156,databases,True,False,2025-05-05 08:26:00
975,55,machine learning,False,False,2025-05-27 12:07:00
976,124,statistics,True,False,2025-05-27 08:09:00
977,49,machine learning,True,False,2025-05-20 11:27:00
978,130,programming,True,False,2025-05-14 21:29:00
979,112,databases,True,False,2025-05-08 20:36:00
980,171,statistics,True,True,2025-05-22 10:21:00
981,36,machine learning,False,False,2025-05-26 15:58:00
982,27,statistics,True,False,2025-05-15 17:16:00
983,155,databases,False,False,2025-05-06 13:11:00
984,158,electronics,True,True,2025-05-22 16:17:00
985,195,machine learning,False,False,2025-05-25 19:46:00
986,139,programming,True,True,2025-05-03 12:50:00
987,57,mathematics,True,True,2025-05-20 19:33:00
988,7,programming,True,True,2025-05-27 13:20:00
989,180,mathematics,True,False,2025-05-25 18:58:00
990,100,ethics,False,True,2025-05-17 15:59:00
991,157,programming,True,False,2025-05-23 10:01:00
992,183,statistics,False,False,2025-05-15 10:07:00
993,106,machine learning,True,False,2025-05-13 19:01:00
994,56,electronics,True,True,2025-05-03 16:50:00
995,2,ethics,True,True,2025-05-15 20:14:00
996,185,statistics,True,False,2025-05-20 21:22:00
997,126,biology,False,True,2025-05-03 17:41:00
998,38,programming,True,True,2025-05-03 09:30:00
999,173,ethics,True,True,2025-05-01 11:45:00
1000,136,machine learning,True,False,2025-05-21 15:55:00
1001,111,electronics,True,True,2025-05-24 21:10:00
1002,53,mathematics,True,False,2025-05-12 14:15:00
1003,9,databases,False,False,2025-05-19 10:40:00
1004,65,ethics,False,False,2025-05-08 21:55:00
1005,44,ethics,False,True,2025-05-22 19:33:00
1006,135,ethics,True,True,2025-05-08 19:27:00
1007,91,biology,False,True,2025-05-05 10:00:00
1008,121,ethics,True,True,2025-05-28 08:35:00
1009,76,programming,True,True,2025-05-14 18:45:00
1010,42,statistics,True,False,2025-05-21 14:20:00
1011,17,biology,True,False,2025-05-12 13:05:00
1012,176,biology,False,True,2025-05-03 08:32:00
1013,30,electronics,False,False,2025-05-23 10:08:00
1014,110,mathematics,False,True,2025-05-01 11:26:00
1015,3,statistics,False,True,2025-05-11 08:09:00
1016,191,statistics,False,True,2025-05-22 12:43:00
1017,37,statistics,False,False,2025-05-15 13:51:00
1018,53,databases,False,False,2025-05-28 16:01:00
1019,156,machine learning,True,True,2025-05-08 09:27:00
1020,110,ethics,False,False,2025-05-24 18:19:00
1021,3,electronics,True,False,2025-05-12 12:58:00
1022,65,programming,True,True,2025-05-14 14:16:00
1023,149,electronics,True,True,2025-05-10 20:47:00
1024,85,programming,False,True,2025-05-16 14:19:00
1025,37,databases,False,False,2025-05-17 08:37:00
1026,34,mathematics,True,True,2025-05-11 21:01:00
1027,168,machine learning,False,False,2025-05-04 19:46:00
1028,198,databases,True,True,2025-05-23 13:23:00
1029,41,databases,False,False,2025-05-22 20:35:00
1030,13,statistics,True,False,2025-05-15 18:28:00
1031,163,electronics,True,True,2025-05-24 08:44:00
1032,183,databases,True,False,2025-05-11 19:55:00
1033,174,programming,True,True,2025-05-03 09:58:00
1034,85,biology,False,False,2025-05-17 18:27:00
1035,47,databases,True,False,2025-05-13 08:14:00
1036,22,mathematics,False,True,2025-05-08 08:16:00
1037,92,mathematics,False,False,2025-05-23 20:37:00
1038,121,programming,True,True,2025-05-26 21:53:00
1039,80,statistics,False,True,2025-05-12 19:21:00
1040,178,biology,False,False,2025-05-20 10:02:00
1041,84,machine learning,False,True,2025-05-15 13:28:00
1042,127,programming,False,False,2025-05-04 18:12:00
1043,115,statistics,False,False,2025-05-01 19:19:00
1044,195,databases,True,True,2025-05-15 21:16:00
1045,84,programming,False,False,2025-05-13 08:35:00
1046,146,ethics,False,False,2025-05-02 20:48:00
1047,28,databases,False,False,2025-05-06 09:49:00
1048,53,machine learning,True,False,2025-05-02 08:58:00
1049,132,programming,True,True,2025-05-05 18:32:00
1050,163,statistics,False,False,2025-05-01 18:58:00
1051,127,programming,True,False,2025-05-24 11:46:00
1052,147,databases,False,False,2025-05-15 09:40:00
1053,85,statistics,False,False,2025-05-07 16:43:00
1054,125,biology,False,False,2025-05-27 10:32:00
1055,94,machine learning,False,False,2025-05-17 18:06:00
1056,140,statistics,False,True,2025-05-19 15:25:00
1057,179,mathematics,True,False,2025-05-21 08:30:00
1058,61,electronics,True,True,2025-05-26 12:20:00
1059,119,electronics,False,False,2025-05-28 20:19:00
1060,71,ethics,True,False,2025-05-13 17:57:00
1061,44,biology,False,True,2025-05-10 18:14:00
1062,77,programming,False,False,2025-05-23 14:01:00
1063,188,statistics,True,True,2025-05-20 16:21:00
1064,161,mathematics,False,False,2025-05-15 20:38:00
1065,181,biology,False,False,2025-05-17 21:20:00
1066,116,ethics,False,True,2025-05-11 14:42:00
1067,142,electronics,True,True,2025-05-27 11:19:00
1068,174,statistics,True,False,2025-05-02 15:41:00
1069,172,ethics,True,False,2025-05-15 14:06:00
1070,176,mathematics,False,True,2025-05-21 18:00:00
1071,126,databases,False,True,2025-05-05 11:12:00
1072,184,mathematics,False,True,2025-05-08 11:26:00
1073,149,biology,False,True,2025-05-22 20:02:00
1074,187,databases,True,True,2025-05-27 18:51:00
1075,101,statistics,True,True,2025-05-11 19:42:00
1076,182,ethics,True,True,2025-05-05 12:38:00
1077,177,databases,True,True,2025-05-08 12:30:00
1078,125,biology,True,True,2025-05-02 17:15:00
1079,182,ethics,True,True,2025-05-02 10:02:00
1080,11,programming,True,True,2025-05-07 14:19:00
1081,68,electronics,False,False,2025-05-26 15:51:00
1082,101,statistics,True,True,2025-05-22 17:05:00
1083,163,mathematics,True,False,2025-05-27 14:20:00
1084,8,databases,True,True,2025-05-06 21:09:00
1085,139,mathematics,False,False,2025-05-12 14:18:00
1086,73,statistics,True,False,2025-05-22 08:59:00
1087,66,biology,True,True,2025-05-19 13:03:00
1088,33,biology,False,True,2025-05-14 08:31:00
1089,128,electronics,True,True,2025-05-26 11:14:00
1090,166,statistics,True,True,2025-05-19 19:38:00
1091,16,mathematics,True,False,2025-05-01 16:11:00
1092,178,machine learning,False,True,2025-05-24 18:52:00
1093,37,mathematics,False,False,2025-05-06 18:11:00
1094,39,biology,True,True,2025-05-22 08:25:00
1095,27,machine learning,True,True,2025-05-21 15:01:00
1096,185,programming,True,True,2025-05-06 08:03:00
1097,54,electronics,False,True,2025-05-20 08:29:00
1098,112,programming,False,False,2025-05-13 10:46:00
1099,19,statistics,False,True,2025-05-25 18:52:00
1100,60,programming,False,False,2025-05-24 17:10:00
1101,148,databases,False,False,2025-05-04 08:54:00
1102,87,databases,True,True,2025-05-06 14:02:00
1103,15,databases,False,True,2025-05-17 11:41:00
1104,119,ethics,True,True,2025-05-25 08:20:00
1105,74,ethics,False,True,2025-05-26 10:57:00
1106,141,statistics,False,True,2025-05-05 10:44:00
1107,170,mathematics,False,False,2025-05-03 10:26:00
1108,148,electronics,False,False,2025-05-14 19:26:00
1109,94,electronics,False,True,2025-05-16 14:00:00
1110,146,mathematics,True,False,2025-05-21 14:56:00
1111,68,electronics,True,False,2025-05-27 13:11:00
1112,93,ethics,True,True,2025-05-23 12:30:00
1113,127,mathematics,False,False,2025-05-15 08:51:00
1114,179,biology,False,True,2025-05-16 15:29:00
1115,199,programming,False,False,2025-05-05 17:32:00
1116,129,databases,False,False,2025-05-18 12:09:00
1117,103,databases,False,False,2025-05-17 20:09:00
1118,103,machine learning,False,True,2025-05-09 09:28:00
1119,7,ethics,True,True,2025-05-03 18:33:00
1120,109,machine learning,True,True,2025-05-18 16:00:00
1121,52,machine learning,True,False,2025-05-13 12:30:00
1122,148,databases,False,False,2025-05-15 17:33:00
1123,49,electronics,False,False,2025-05-05 16:43:00
1124,93,electronics,True,True,2025-05-03 21:25:00
1125,5,electronics,True,True,2025-05-18 08:33:00
1126,113,ethics,True,False,2025-05-01 19:32:00
1127,200,programming,False,True,2025-05-12 10:02:00
1128,123,mathematics,True,True,2025-05-16 21:18:00
1129,15,biology,True,True,2025-05-24 15:38:00
1130,98,electronics,True,True,2025-05-14 09:42:00
1131,14,mathematics,True,True,2025-05-27 17:59:00
1132,1,programming,True,True,2025-05-16 16:47:00
1133,93,biology,True,True,2025-05-02 10:22:00
1134,171,statistics,True,True,2025-05-23 18:39:00
1135,45,databases,True,True,2025-05-20 15:23:00
1136,160,ethics,False,False,2025-05-22 19:41:00
1137,170,statistics,False,True,2025-05-28 17:27:00
1138,83,ethics,False,False,2025-05-24 12:16:00
1139,195,electronics,True,True,2025-05-22 18:10:00
1140,15,programming,True,True,2025-05-12 20:46:00
1141,55,biology,True,True,2025-05-03 11:15:00
1142,118,statistics,False,False,2025-05-28 15:50:00
1143,109,ethics,False,True,2025-05-13 16:07:00
1144,191,mathematics,False,True,2025-05-27 16:20:00
1145,88,ethics,True,True,2025-05-10 17:42:00
1146,12,machine learning,False,False,2025-05-17 16:05:00
1147,71,mathematics,True,True,2025-05-07 21:51:00
1148,87,mathematics,False,True,2025-05-22 13:28:00
1149,66,machine learning,True,True,2025-05-07 10:16:00
1150,96,ethics,False,True,2025-05-24 17:06:00
1151,25,mathematics,False,True,2025-05-23 16:23:00
1152,178,electronics,False,False,2025-05-14 18:27:00
1153,131,biology,False,False,2025-05-20 11:52:00
1154,43,machine learning,True,True,2025-05-04 16:42:00
1155,54,statistics,True,False,2025-05-21 12:44:00
1156,137,databases,True,False,2025-05-05 18:54:00
1157,108,ethics,True,True,2025-05-22 10:00:00
1158,86,databases,False,True,2025-05-27 17:33:00
1159,124,programming,False,False,2025-05-23 17:09:00
1160,17,ethics,False,False,2025-05-22 12:38:00
1161,187,machine learning,False,False,2025-05-01 12:11:00
1162,150,programming,True,True,2025-05-16 19:35:00
1163,65,databases,False,False,2025-05-03 12:27:00
1164,21,mathematics,True,True,2025-05-26 12:22:00
1165,37,machine learning,False,False,2025-05-15 21:53:00
1166,110,ethics,False,False,2025-05-19 16:33:00
1167,119,electronics,False,True,2025-05-11 16:16:00
1168,116,statistics,False,False,2025-05-09 08:07:00
1169,157,statistics,False,True,2025-05-14 08:44:00
1170,85,ethics,False,False,2025-05-11 18:04:00
1171,179,statistics,False,True,2025-05-17 17:01:00
1172,29,electronics,True,True,2025-05-26 12:30:00
1173,155,biology,True,False,2025-05-14 09:58:00
1174,18,machine learning,False,True,2025-05-05 19:08:00
1175,180,mathematics,False,False,2025-05-26 15:01:00
1176,169,mathematics,True,True,2025-05-28 13:14:00
1177,27,databases,True,True,2025-05-15 18:59:00
1178,77,ethics,True,True,2025-05-22 10:51:00
1179,167,programming,False,False,2025-05-18 14:40:00
1180,167,biology,True,True,2025-05-14 11:55:00
1181,17,programming,False,True,2025-05-07 16:44:00
1182,4,ethics,True,False,2025-05-18 20:51:00
1183,13,biology,False,False,2025-05-23 12:22:00
1184,160,machine learning,False,True,2025-05-13 11:22:00
1185,111,programming,True,False,2025-05-17 08:10:00
1186,161,databases,False,False,2025-05-11 10:04:00
1187,44,machine learning,False,False,2025-05-14 17:02:00
1188,81,machine learning,False,False,2025-05-19 19:38:00
1189,135,databases,False,True,2025-05-23 21:34:00
1190,74,databases,True,True,2025-05-02 11:05:00
1191,172,ethics,True,False,2025-05-03 20:46:00
1192,194,databases,False,True,2025-05-01 11:55:00
1193,111,electronics,False,False,2025-05-05 20:28:00
1194,192,machine learning,True,True,2025-05-18 19:42:00
1195,200,ethics,True,True,2025-05-24 14:01:00
1196,185,ethics,True,True,2025-05-15 16:14:00
1197,69,mathematics,True,True,2025-05-14 10:42:00
1198,138,biology,True,True,2025-05-27 21:48:00
1199,194,biology,False,False,2025-05-16 11:21:00
1200,109,databases,True,False,2025-05-28 20:54:00
1201,116,mathematics,True,False,2025-05-02 12:21:00
1202,55,ethics,True,True,2025-05-07 08:08:00
1203,199,databases,True,False,2025-05-06 16:22:00
1204,115,databases,False,True,2025-05-26 12:02:00
1205,196,biology,False,True,2025-05-11 12:58:00
1206,106,statistics,False,False,2025-05-19 20:28:00
1207,118,programming,False,True,2025-05-14 15:35:00
1208,138,machine learning,False,True,2025-05-21 20:55:00
1209,74,statistics,True,False,2025-05-17 14:53:00
1210,88,electronics,True,True,2025-05-17 18:59:00
1211,68,statistics,False,False,2025-05-07 10:45:00
1212,46,databases,False,True,2025-05-10 16:38:00
1213,85,ethics,True,True,2025-05-01 08:42:00
1214,109,electronics,False,True,2025-05-11 17:53:00
1215,152,databases,False,True,2025-05-14 12:02:00
1216,125,biology,True,False,2025-05-07 08:05:00
1217,33,statistics,False,True,2025-05-19 16:01:00
1218,178,ethics,True,False,2025-05-03 21:48:00
1219,97,biology,True,True,2025-05-14 16:39:00
1220,14,programming,True,False,2025-05-02 16:43:00
1221,5,statistics,False,True,2025-05-07 15:17:00
1222,51,databases,True,True,2025-05-21 18:28:00
1223,126,programming,True,False,2025-05-11 14:23:00
1224,156,ethics,True,False,2025-05-23 17:42:00
1225,76,biology,True,True,2025-05-20 17:23:00
1226,95,statistics,True,True,2025-05-23 18:24:00
1227,35,ethics,False,False,2025-05-04 12:32:00
1228,94,electronics,False,False,2025-05-03 16:14:00
1229,160,biology,True,True,2025-05-05 19:54:00
1230,170,mathematics,False,True,2025-05-15 18:49:00
1231,136,programming,False,False,2025-05-13 18:20:00
1232,25,databases,False,False,2025-05-03 12:53:00
1233,96,biology,True,False,2025-05-05 08:51:00
1234,53,databases,True,False,2025-05-16 18:24:00
1235,196,statistics,False,True,2025-05-01 16:46:00
1236,199,mathematics,False,True,2025-05-07 21:46:00
1237,93,programming,False,True,2025-05-26 10:47:00
1238,73,databases,False,True,2025-05-19 11:49:00
1239,112,mathematics,True,False,2025-05-19 12:05:00
1240,46,mathematics,False,True,2025-05-12 19:53:00
1241,169,biology,True,True,2025-05-19 17:03:00
1242,182,ethics,True,False,2025-05-20 12:05:00
1243,35,databases,False,False,2025-05-11 12:26:00
1244,3,programming,True,False,2025-05-26 09:13:00
1245,78,statistics,False,False,2025-05-09 20:32:00
1246,182,statistics,True,True,2025-05-20 20:43:00
1247,160,ethics,True,True,2025-05-14 16:26:00
1248,23,databases,True,True,2025-05-04 20:07:00
1249,39,programming,True,True,2025-05-23 19:13:00
1250,129,programming,True,True,2025-05-10 17:54:00
1251,79,mathematics,False,True,2025-05-18 16:41:00
1252,136,machine learning,False,False,2025-05-10 20:23:00
1253,41,programming,True,False,2025-05-22 17:55:00
1254,152,statistics,True,True,2025-05-07 13:25:00
1255,144,programming,False,False,2025-05-15 10:14:00
1256,195,machine learning,True,False,2025-05-16 08:19:00
1257,183,ethics,False,False,2025-05-03 08:54:00
1258,168,programming,True,True,2025-05-20 09:56:00
1259,130,mathematics,False,False,2025-05-11 21:55:00
1260,8,databases,True,False,2025-05-01 20:56:00
1261,64,biology,True,False,2025-05-14 08:31:00
1262,20,machine learning,True,True,2025-05-12 08:52:00
1263,184,databases,True,True,2025-05-12 19:55:00
1264,168,machine learning,True,True,2025-05-25 19:13:00
1265,31,ethics,True,False,2025-05-21 16:46:00
1266,20,mathematics,True,False,2025-05-11 20:56:00
1267,177,mathematics,False,False,2025-05-07 20:54:00
1268,147,statistics,False,False,2025-05-02 14:25:00
1269,119,electronics,True,True,2025-05-13 17:55:00
1270,102,databases,True,True,2025-05-25 11:13:00
1271,177,programming,True,True,2025-05-24 18:20:00
1272,134,ethics,False,False,2025-05-28 09:17:00
1273,168,statistics,True,True,2025-05-06 11:19:00
1274,56,machine learning,False,False,2025-05-11 16:49:00
1275,126,statistics,True,False,2025-05-20 18:10:00
1276,63,mathematics,True,True,2025-05-27 17:31:00
1277,48,biology,True,False,2025-05-18 21:44:00
1278,37,biology,False,False,2025-05-24 12:22:00
1279,81,programming,False,True,2025-05-19 14:50:00
1280,7,databases,False,False,2025-05-25 20:15:00
1281,110,statistics,True,True,2025-05-18 19:31:00
1282,51,statistics,True,True,2025-05-05 11:34:00
1283,5,machine learning,True,False,2025-05-09 15:23:00
1284,133,electronics,True,True,2025-05-17 14:47:00
1285,123,machine learning,False,True,2025-05-08 15:49:00
1286,23,programming,True,True,2025-05-15 13:22:00
1287,44,mathematics,False,False,2025-05-04 12:22:00
1288,132,programming,True,True,2025-05-24 20:17:00
1289,65,databases,False,True,2025-05-18 09:45:00
1290,80,programming,False,False,2025-05-03 14:34:00
1291,98,mathematics,True,True,2025-05-28 11:56:00
1292,97,databases,True,True,2025-05-13 19:47:00
1293,6,electronics,False,True,2025-05-13 13:58:00
1294,67,statistics,True,True,2025-05-13 16:48:00
1295,66,statistics,False,False,2025-05-16 15:05:00
1296,69,electronics,False,True,2025-05-21 18:20:00
1297,72,biology,False,False,2025-05-22 14:50:00
1298,109,mathematics,True,True,2025-05-28 09:05:00
1299,154,databases,False,False,2025-05-05 15:49:00
1300,39,machine learning,False,False,2025-05-26 17:30:00
1301,69,ethics,False,False,2025-05-24 21:51:00
1302,54,biology,True,True,2025-05-22 20:55:00
1303,15,ethics,False,True,2025-05-01 20:37:00
1304,50,programming,True,False,2025-05-14 18:58:00
1305,93,statistics,True,True,2025-05-14 20:44:00
1306,67,mathematics,False,False,2025-05-08 12:52:00
1307,136,statistics,False,False,2025-05-28 19:30:00
1308,119,databases,True,False,2025-05-26 15:59:00
1309,147,biology,True,False,2025-05-23 09:19:00
1310,47,electronics,False,True,2025-05-20 19:24:00
1311,110,programming,False,True,2025-05-24 20:44:00
1312,122,biology,False,False,2025-05-28 14:08:00
1313,122,mathematics,True,True,2025-05-04 14:59:00
1314,191,programming,False,False,2025-05-21 15:13:00
1315,70,electronics,True,True,2025-05-23 20:20:00
1316,150,programming,True,True,2025-05-27 14:45:00
1317,55,machine learning,False,False,2025-05-09 19:32:00
1318,156,mathematics,True,True,2025-05-02 09:28:00
1319,4,programming,True,False,2025-05-05 18:45:00
1320,160,ethics,True,False,2025-05-13 09:47:00
1321,190,electronics,True,False,2025-05-18 12:05:00
1322,179,statistics,False,True,2025-05-11 19:22:00
1323,199,statistics,True,False,2025-05-21 11:30:00
1324,44,biology,False,False,2025-05-28 14:42:00
1325,126,statistics,False,False,2025-05-02 10:26:00
1326,84,ethics,True,False,2025-05-04 21:05:00
1327,88,programming,False,True,2025-05-27 16:55:00
1328,120,electronics,False,False,2025-05-03 19:59:00
1329,1,programming,True,True,2025-05-14 09:04:00
1330,77,machine learning,False,True,2025-05-23 18:05:00
1331,27,statistics,False,False,2025-05-02 20:36:00
1332,118,electronics,True,True,2025-05-28 15:13:00
1333,188,biology,False,False,2025-05-23 10:15:00
1334,128,electronics,False,False,2025-05-18 18:53:00
1335,187,ethics,True,True,2025-05-18 16:56:00
1336,31,databases,False,True,2025-05-11 09:10:00
1337,23,mathematics,False,False,2025-05-18 10:48:00
1338,43,mathematics,True,True,2025-05-20 14:42:00
1339,104,machine learning,True,True,2025-05-12 19:53:00
1340,53,biology,False,True,2025-05-15 09:26:00
1341,79,databases,True,False,2025-05-04 20:45:00
1342,1,ethics,False,True,2025-05-01 21:48:00
1343,192,ethics,False,False,2025-05-02 20:15:00
1344,125,machine learning,False,True,2025-05-23 19:48:00
1345,112,statistics,False,False,2025-05-06 08:31:00
1346,193,statistics,False,False,2025-05-09 16:17:00
1347,153,machine learning,True,False,2025-05-16 19:19:00
1348,139,databases,True,True,2025-05-20 14:22:00
1349,16,electronics,False,False,2025-05-26 13:25:00
1350,82,machine learning,True,True,2025-05-12 18:17:00
1351,23,programming,False,False,2025-05-15 17:17:00
1352,128,mathematics,True,True,2025-05-07 12:21:00
1353,196,databases,True,True,2025-05-14 10:25:00
1354,157,statistics,False,True,2025-05-05 21:47:00
1355,100,biology,False,False,2025-05-06 13:28:00
1356,58,mathematics,True,True,2025-05-15 20:49:00
1357,67,machine learning,False,True,2025-05-08 13:05:00
1358,111,databases,False,True,2025-05-09 15:25:00
1359,191,biology,True,True,2025-05-23 16:12:00
1360,124,mathematics,False,False,2025-05-02 19:51:00
1361,92,machine learning,False,False,2025-05-24 20:26:00
1362,154,ethics,False,True,2025-05-14 11:13:00
1363,67,biology,True,True,2025-05-23 14:10:00
1364,198,ethics,False,False,2025-05-05 20:53:00
1365,57,biology,True,True,2025-05-25 17:13:00
1366,27,ethics,True,False,2025-05-27 20:46:00
1367,179,electronics,False,True,2025-05-05 18:13:00
1368,65,ethics,False,True,2025-05-01 12:12:00
1369,49,programming,True,False,2025-05-21 18:34:00
1370,132,machine learning,True,True,2025-05-21 20:05:00
1371,33,mathematics,True,True,2025-05-09 15:14:00
1372,113,biology,True,True,2025-05-25 18:43:00
1373,30,machine learning,True,True,2025-05-18 08:57:00
1374,168,biology,False,True,2025-05-10 12:46:00
1375,177,statistics,True,True,2025-05-15 17:42:00
1376,41,statistics,True,True,2025-05-23 10:40:00
1377,116,machine learning,True,False,2025-05-17 16:23:00
1378,158,databases,True,False,2025-05-17 16:13:00
1379,163,ethics,False,True,2025-05-20 17:29:00
1380,174,statistics,False,False,2025-05-03 19:23:00
1381,6,biology,True,True,2025-05-25 17:52:00
1382,173,biology,True,True,2025-05-25 09:43:00
1383,176,mathematics,False,True,2025-05-13 14:27:00
1384,189,mathematics,False,True,2025-05-13 18:29:00
1385,58,ethics,False,False,2025-05-03 21:19:00
1386,146,statistics,False,False,2025-05-05 16:37:00
1387,92,mathematics,False,True,2025-05-08 16:21:00
1388,48,machine learning,True,False,2025-05-06 10:06:00
1389,84,statistics,True,False,2025-05-22 15:18:00
1390,53,statistics,False,False,2025-05-20 17:16:00
1391,158,mathematics,True,True,2025-05-07 16:36:00
1392,90,machine learning,True,False,2025-05-12 14:49:00
1393,170,ethics,False,True,2025-05-02 16:31:00
1394,56,programming,True,True,2025-05-01 18:09:00
1395,189,statistics,False,False,2025-05-13 18:24:00
1396,57,biology,False,False,2025-05-24 14:42:00
1397,119,databases,True,False,2025-05-06 19:13:00
1398,73,statistics,False,False,2025-05-20 09:27:00
1399,171,programming,True,False,2025-05-02 17:00:00
1400,78,mathematics,False,False,2025-05-24 15:13:00
1401,191,ethics,True,True,2025-05-25 20:35:00
1402,147,ethics,False,True,2025-05-17 13:39:00
1403,93,ethics,False,True,2025-05-14 20:03:00
1404,158,ethics,False,False,2025-05-04 14:18:00
1405,198,programming,False,False,2025-05-01 12:22:00
1406,193,electronics,True,True,2025-05-14 14:36:00
1407,77,statistics,True,True,2025-05-23 11:34:00
1408,113,biology,False,False,2025-05-05 16:36:00
1409,8,biology,False,True,2025-05-03 16:12:00
1410,114,ethics,False,False,2025-05-15 09:37:00
1411,136,statistics,False,False,2025-05-15 12:15:00
1412,68,machine learning,True,True,2025-05-17 13:39:00
1413,55,biology,False,True,2025-05-02 10:15:00
1414,12,machine learning,False,False,2025-05-09 14:51:00
1415,156,statistics,False,True,2025-05-10 20:55:00
1416,60,biology,True,True,2025-05-06 09:11:00
1417,27,statistics,False,True,2025-05-17 15:04:00
1418,2,biology,False,True,2025-05-28 12:26:00
1419,160,electronics,True,True,2025-05-19 20:03:00
1420,55,electronics,True,True,2025-05-15 14:47:00
1421,150,programming,True,False,2025-05-14 09:11:00
1422,46,statistics,True,True,2025-05-24 17:52:00
1423,175,biology,True,True,2025-05-18 20:26:00
1424,182,programming,False,False,2025-05-21 17:57:00
1425,164,electronics,True,False,2025-05-04 13:33:00
1426,155,databases,True,True,2025-05-28 16:26:00
1427,183,programming,False,True,2025-05-27 11:32:00
1428,81,mathematics,True,True,2025-05-06 17:21:00
1429,124,programming,True,True,2025-05-01 09:11:00
1430,76,programming,False,False,2025-05-18 09:58:00
1431,96,programming,False,True,2025-05-20 12:38:00
1432,146,machine learning,False,True,2025-05-21 20:46:00
1433,96,programming,True,True,2025-05-19 09:42:00
1434,190,machine learning,False,True,2025-05-18 15:05:00
1435,129,programming,True,False,2025-05-16 08:34:00
1436,3,databases,False,False,2025-05-20 21:13:00
1437,182,biology,True,False,2025-05-01 15:58:00
1438,180,databases,True,True,2025-05-19 11:13:00
1439,36,biology,True,True,2025-05-06 10:02:00
1440,145,electronics,False,False,2025-05-02 18:03:00
1441,55,ethics,True,False,2025-05-16 13:33:00
1442,143,ethics,True,True,2025-05-09 16:00:00
1443,100,databases,True,True,2025-05-14 20:47:00
1444,34,mathematics,False,False,2025-05-13 17:53:00
1445,95,ethics,False,False,2025-05-22 09:10:00
1446,29,programming,True,True,2025-05-18 09:57:00
1447,32,statistics,False,True,2025-05-28 18:39:00
1448,156,databases,False,True,2025-05-11 13:37:00
1449,191,databases,False,False,2025-05-02 14:50:00
1450,39,biology,True,False,2025-05-20 14:35:00
1451,169,programming,False,False,2025-05-28 08:56:00
1452,150,machine learning,False,False,2025-05-28 16:03:00
1453,74,programming,True,True,2025-05-03 10:48:00
1454,13,mathematics,False,False,2025-05-17 09:25:00
1455,71,mathematics,False,False,2025-05-09 12:47:00
1456,105,programming,False,False,2025-05-23 17:31:00
1457,27,statistics,True,False,2025-05-09 14:36:00
1458,84,biology,True,True,2025-05-01 21:25:00
1459,3,biology,False,False,2025-05-27 16:02:00
1460,106,ethics,False,False,2025-05-09 13:25:00
1461,111,biology,False,True,2025-05-19 18:02:00
1462,125,electronics,True,True,2025-05-03 12:09:00
1463,171,biology,False,True,2025-05-15 21:41:00
1464,114,statistics,False,True,2025-05-22 20:40:00
1465,137,machine learning,True,True,2025-05-20 09:56:00
1466,154,programming,False,True,2025-05-13 21:18:00
1467,127,machine learning,True,False,2025-05-04 15:18:00
1468,173,biology,False,False,2025-05-19 08:08:00
1469,176,ethics,True,True,2025-05-13 09:07:00
1470,195,machine learning,True,True,2025-05-14 08:49:00
1471,49,electronics,True,True,2025-05-26 14:56:00
1472,141,machine learning,False,False,2025-05-16 18:02:00
1473,32,ethics,True,True,2025-05-24 15:52:00
1474,176,biology,True,True,2025-05-27 15:08:00
1475,53,biology,True,False,2025-05-05 12:11:00
1476,52,machine learning,True,True,2025-05-27 08:00:00
1477,134,electronics,True,False,2025-05-20 14:56:00
1478,17,mathematics,True,True,2025-05-11 20:09:00
1479,3,statistics,False,False,2025-05-11 11:49:00
1480,23,electronics,True,True,2025-05-12 14:01:00
1481,85,statistics,False,False,2025-05-10 18:09:00
1482,63,programming,True,False,2025-05-01 17:05:00
1483,38,electronics,False,False,2025-05-24 11:46:00
1484,28,programming,False,True,2025-05-09 21:01:00
1485,138,statistics,False,False,2025-05-09 19:58:00
1486,51,ethics,False,False,2025-05-19 20:34:00
1487,39,databases,False,True,2025-05-04 09:27:00
1488,136,ethics,True,True,2025-05-20 17:55:00
1489,175,programming,False,False,2025-05-21 08:02:00
1490,175,electronics,False,True,2025-05-06 14:22:00
1491,119,machine learning,False,False,2025-05-26 11:43:00
1492,86,electronics,True,True,2025-05-25 21:22:00
1493,33,electronics,True,False,2025-05-17 16:34:00
1494,37,ethics,True,False,2025-05-27 18:09:00
1495,81,databases,True,False,2025-05-21 13:12:00
1496,84,databases,True,False,2025-05-18 08:21:00
1497,12,biology,False,True,2025-05-08 16:47:00
1498,135,databases,True,False,2025-05-01 12:28:00
1499,102,machine learning,True,True,2025-05-23 08:34:00
1500,33,electronics,False,False,2025-05-11 19:44:00
