session_id,student_id,started_at,ended_at,duration_minutes,books_browsed,saved_final
1,129,2025-05-15 09:46:00,2025-05-15 10:14:38,28.64,11,True
2,27,2025-05-12 20:48:00,2025-05-12 21:13:51,25.86,22,True
3,1,2025-05-21 21:07:00,2025-05-21 21:12:31,5.52,10,True
4,79,2025-05-12 19:29:00,2025-05-12 19:43:18,14.3,3,False
5,175,2025-05-28 13:14:00,2025-05-28 13:32:30,18.51,19,False
6,111,2025-05-27 17:29:00,2025-05-27 17:34:57,5.96,24,True
7,76,2025-05-10 17:38:00,2025-05-10 18:02:33,24.55,23,True
8,130,2025-05-03 21:59:00,2025-05-03 22:22:33,23.56,23,False
9,152,2025-05-05 15:38:00,2025-05-05 15:52:52,14.88,8,False
10,12,2025-05-07 11:07:00,2025-05-07 11:15:03,8.05,20,True
11,75,2025-05-15 11:43:00,2025-05-15 11:53:17,10.29,24,False
12,102,2025-05-18 15:19:00,2025-05-18 15:46:34,27.58,9,True
13,196,2025-05-12 14:00:00,2025-05-12 14:07:03,7.06,23,True
14,47,2025-05-26 18:41:00,2025-05-26 19:04:39,23.66,7,False
15,143,2025-05-26 12:48:00,2025-05-26 13:05:14,17.24,7,False
16,185,2025-05-25 13:41:00,2025-05-25 14:25:32,44.54,6,False
17,70,2025-05-18 13:14:00,2025-05-18 13:17:25,3.42,9,True
18,187,2025-05-09 17:56:00,2025-05-09 18:21:05,25.09,22,True
19,31,2025-05-01 21:24:00,2025-05-01 21:55:24,31.4,3,False
20,161,2025-05-17 09:05:00,2025-05-17 09:40:21,35.35,12,False
21,64,2025-05-16 17:48:00,2025-05-16 18:03:28,15.47,14,True
22,128,2025-05-06 15:25:00,2025-05-06 15:49:30,24.51,16,True
23,54,2025-05-27 20:19:00,2025-05-27 20:28:25,9.42,3,False
24,199,2025-05-27 16:01:00,2025-05-27 16:39:06,38.11,6,False
25,156,2025-05-20 08:43:00,2025-05-20 09:13:40,30.68,1,True
26,86,2025-05-10 16:00:00,2025-05-10 16:17:44,17.74,14,False
27,195,2025-05-03 12:37:00,2025-05-03 12:54:19,17.33,24,True
28,156,2025-05-01 12:53:00,2025-05-01 13:47:22,54.38,19,False
29,117,2025-05-20 17:24:00,2025-05-20 17:52:39,28.65,6,False
30,195,2025-05-07 15:11:00,2025-05-07 15:34:09,23.16,2,False
31,41,2025-05-09 13:39:00,2025-05-09 13:59:08,20.14,21,True
32,126,2025-05-15 08:07:00,2025-05-15 08:13:15,6.26,20,True
33,128,2025-05-07 18:51:00,2025-05-07 19:08:24,17.4,1,False
34,88,2025-05-14 16:35:00,2025-05-14 17:15:55,40.93,18,True
35,129,2025-05-13 15:55:00,2025-05-13 16:20:36,25.61,23,False
36,44,2025-05-13 11:09:00,2025-05-13 11:32:52,23.87,14,False
37,189,2025-05-11 16:28:00,2025-05-11 17:13:33,45.55,9,False
38,161,2025-05-26 19:15:00,2025-05-26 19:42:15,27.25,11,False
39,199,2025-05-12 11:28:00,2025-05-12 11:48:16,20.28,18,False
40,67,2025-05-11 08:15:00,2025-05-11 08:46:11,31.19,18,False
41,2,2025-05-12 11:34:00,2025-05-12 11:44:11,10.19,13,False
42,156,2025-05-04 11:26:00,2025-05-04 11:58:21,32.35,17,True
43,54,2025-05-02 20:56:00,2025-05-02 21:06:19,10.32,13,True
44,27,2025-05-02 20:47:00,2025-05-02 20:59:10,12.18,18,True
45,75,2025-05-13 15:17:00,2025-05-13 15:54:57,37.96,13,False
46,147,2025-05-20 15:16:00,2025-05-20 15:19:33,3.56,2,False
47,18,2025-05-02 09:01:00,2025-05-02 09:14:54,13.9,16,False
48,153,2025-05-11 09:25:00,2025-05-11 09:50:13,25.23,15,True
49,61,2025-05-28 21:01:00,2025-05-28 21:17:15,16.25,11,True
50,152,2025-05-07 21:21:00,2025-05-07 21:32:12,11.2,22,True
51,9,2025-05-06 20:29:00,2025-05-06 20:38:48,9.8,16,True
52,124,2025-05-03 18:54:00,2025-05-03 19:36:54,42.91,6,False
53,29,2025-05-05 11:31:00,2025-05-05 11:52:39,21.66,19,True
54,64,2025-05-16 14:59:00,2025-05-16 15:29:09,30.15,23,True
55,193,2025-05-13 21:41:00,2025-05-13 21:51:58,10.97,14,True
56,53,2025-05-25 16:43:00,2025-05-25 17:16:13,33.23,9,False
57,197,2025-05-12 15:13:00,2025-05-12 15:46:34,33.57,10,False
58,159,2025-05-05 15:11:00,2025-05-05 15:29:30,18.5,4,False
59,63,2025-05-24 09:27:00,2025-05-24 09:56:50,29.84,20,True
60,144,2025-05-22 17:57:00,2025-05-22 18:24:28,27.47,1,False
61,119,2025-05-21 13:27:00,2025-05-21 13:37:10,10.17,5,False
62,32,2025-05-24 13:10:00,2025-05-24 13:27:13,17.23,5,False
63,51,2025-05-08 08:38:00,2025-05-08 08:54:15,16.25,13,True
64,113,2025-05-20 18:37:00,2025-05-20 18:43:40,6.67,2,False
65,54,2025-05-06 08:07:00,2025-05-06 08:24:25,17.43,12,True
66,75,2025-05-05 11:05:00,2025-05-05 11:55:15,50.26,2,False
67,32,2025-05-26 19:02:00,2025-05-26 19:30:44,28.74,12,True
68,194,2025-05-27 15:38:00,2025-05-27 16:12:13,34.22,17,False
69,164,2025-05-22 13:15:00,2025-05-22 13:55:00,40.0,3,False
70,112,2025-05-09 21:08:00,2025-05-09 21:39:37,31.62,17,True
71,136,2025-05-26 16:42:00,2025-05-26 17:10:48,28.81,19,True
72,159,2025-05-11 21:19:00,2025-05-11 21:41:51,22.85,4,False
73,196,2025-05-10 16:35:00,2025-05-10 16:53:28,18.47,23,False
74,35,2025-05-21 12:18:00,2025-05-21 12:45:28,27.48,11,True
75,91,2025-05-20 19:51:00,2025-05-20 20:01:40,10.68,17,True
76,183,2025-05-05 18:09:00,2025-05-05 18:32:45,23.75,15,False
77,70,2025-05-12 17:55:00,2025-05-12 18:08:58,13.98,4,True
78,74,2025-05-24 17:51:00,2025-05-24 18:03:38,12.64,2,True
79,85,2025-05-12 17:18:00,2025-05-12 17:59:13,41.22,24,True
80,51,2025-05-22 17:21:00,2025-05-22 17:50:06,29.11,5,False
81,199,2025-05-15 14:28:00,2025-05-15 14:51:06,23.11,13,True
82,38,2025-05-22 15:25:00,2025-05-22 15:37:20,12.34,10,False
83,52,2025-05-09 09:31:00,2025-05-09 10:16:54,45.91,10,False
84,160,2025-05-11 21:23:00,2025-05-11 21:57:46,34.78,14,False
85,180,2025-05-28 20:26:00,2025-05-28 20:52:32,26.54,20,True
86,8,2025-05-17 14:48:00,2025-05-17 15:11:43,23.73,16,True
87,161,2025-05-23 17:29:00,2025-05-23 17:54:07,25.13,13,False
88,135,2025-05-19 16:32:00,2025-05-19 17:01:49,29.83,3,True
89,28,2025-05-12 21:13:00,2025-05-12 21:20:52,7.87,2,True
90,188,2025-05-08 19:13:00,2025-05-08 19:43:49,30.83,2,True
91,44,2025-05-21 09:35:00,2025-05-21 10:10:32,35.54,10,False
92,111,2025-05-13 11:47:00,2025-05-13 12:14:02,27.04,24,True
93,24,2025-05-06 12:11:00,2025-05-06 12:57:35,46.59,16,True
94,144,2025-05-07 20:43:00,2025-05-07 20:59:12,16.21,14,True
95,167,2025-05-11 16:05:00,2025-05-11 16:49:38,44.64,10,True
96,79,2025-05-09 14:52:00,2025-05-09 15:19:11,27.19,20,True
97,80,2025-05-21 10:12:00,2025-05-21 10:41:37,29.63,21,True
98,197,2025-05-19 14:24:00,2025-05-19 14:55:12,31.2,3,False
99,36,2025-05-19 20:50:00,2025-05-19 21:02:03,12.06,21,False
100,99,2025-05-18 15:08:00,2025-05-18 15:23:23,15.39,7,True
101,173,2025-05-23 09:13:00,2025-05-23 09:45:51,32.86,23,False
102,68,2025-05-26 13:20:00,2025-05-26 13:51:25,31.43,11,False
103,129,2025-05-13 16:43:00,2025-05-13 16:46:23,3.39,3,False
104,102,2025-05-21 19:30:00,2025-05-21 20:07:34,37.57,20,True
105,28,2025-05-09 14:22:00,2025-05-09 14:40:37,18.63,6,True
106,176,2025-05-17 14:28:00,2025-05-17 14:44:26,16.44,12,True
107,148,2025-05-03 17:33:00,2025-05-03 17:56:00,23.0,11,True
108,141,2025-05-11 08:34:00,2025-05-11 08:44:03,10.06,6,False
109,109,2025-05-14 19:13:00,2025-05-14 19:30:34,17.57,23,True
110,53,2025-05-18 09:00:00,2025-05-18 09:19:42,19.7,17,True
111,94,2025-05-05 10:38:00,2025-05-05 10:43:44,5.74,21,True
112,197,2025-05-14 13:39:00,2025-05-14 14:01:36,22.61,16,True
113,29,2025-05-26 12:13:00,2025-05-26 12:38:34,25.58,7,True
114,188,2025-05-24 19:23:00,2025-05-24 19:27:40,4.67,1,False
115,36,2025-05-04 14:35:00,2025-05-04 15:05:25,30.43,7,False
116,12,2025-05-10 11:05:00,2025-05-10 11:26:51,21.85,3,True
117,57,2025-05-07 14:05:00,2025-05-07 14:39:24,34.4,1,False
118,85,2025-05-11 10:26:00,2025-05-11 11:03:10,37.17,22,True
119,186,2025-05-11 09:00:00,2025-05-11 09:07:34,7.58,24,True
120,125,2025-05-02 14:37:00,2025-05-02 14:45:20,8.34,25,True
121,179,2025-05-17 09:54:00,2025-05-17 10:20:12,26.2,7,False
122,59,2025-05-25 19:58:00,2025-05-25 20:08:21,10.36,9,False
123,108,2025-05-11 15:52:00,2025-05-11 16:00:58,8.97,7,True
124,136,2025-05-08 08:09:00,2025-05-08 08:24:45,15.75,14,False
125,85,2025-05-24 09:36:00,2025-05-24 09:38:00,2.0,3,False
126,83,2025-05-23 12:34:00,2025-05-23 12:53:43,19.72,2,False
127,58,2025-05-14 11:48:00,2025-05-14 11:55:57,7.96,25,True
128,180,2025-05-28 08:00:00,2025-05-28 08:42:53,42.89,4,False
129,164,2025-05-21 10:06:00,2025-05-21 10:25:00,19.01,9,False
130,181,2025-05-23 21:39:00,2025-05-23 21:53:36,14.6,8,False
131,115,2025-05-21 21:54:00,2025-05-21 22:23:31,29.53,15,True
132,190,2025-05-08 19:49:00,2025-05-08 20:16:33,27.56,3,False
133,199,2025-05-13 17:49:00,2025-05-13 18:15:01,26.03,3,False
134,133,2025-05-20 19:52:00,2025-05-20 20:12:06,20.1,12,False
135,39,2025-05-24 13:36:00,2025-05-24 13:52:31,16.53,1,False
136,95,2025-05-01 17:16:00,2025-05-01 17:32:40,16.67,18,False
137,116,2025-05-04 17:42:00,2025-05-04 17:55:40,13.67,21,True
138,112,2025-05-17 21:55:00,2025-05-17 21:59:51,4.86,20,False
139,112,2025-05-27 08:37:00,2025-05-27 09:01:42,24.71,19,True
140,128,2025-05-23 14:42:00,2025-05-23 14:54:20,12.34,22,True
141,126,2025-05-28 15:50:00,2025-05-28 15:55:27,5.45,15,True
142,34,2025-05-04 09:36:00,2025-05-04 09:55:20,19.34,24,True
143,126,2025-05-15 11:40:00,2025-05-15 12:05:36,25.6,23,True
144,10,2025-05-12 21:52:00,2025-05-12 22:00:04,8.07,8,False
145,73,2025-05-24 16:50:00,2025-05-24 17:31:24,41.4,2,False
146,122,2025-05-07 13:34:00,2025-05-07 13:42:08,8.14,16,False
147,131,2025-05-15 12:31:00,2025-05-15 12:58:23,27.39,20,False
148,56,2025-05-18 11:23:00,2025-05-18 11:51:37,28.63,25,True
149,52,2025-05-02 19:24:00,2025-05-02 19:42:51,18.85,5,False
150,23,2025-05-19 14:37:00,2025-05-19 15:00:57,23.95,22,True
151,83,2025-05-21 14:33:00,2025-05-21 14:47:34,14.58,16,True
152,85,2025-05-06 14:44:00,2025-05-06 14:53:07,9.12,9,False
153,123,2025-05-17 09:07:00,2025-05-17 09:20:00,13.0,22,True
154,32,2025-05-15 11:36:00,2025-05-15 11:49:49,13.83,8,True
155,86,2025-05-01 20:15:00,2025-05-01 20:52:23,37.39,15,True
156,124,2025-05-25 21:36:00,2025-05-25 21:40:31,4.52,5,False
157,78,2025-05-21 13:13:00,2025-05-21 13:31:15,18.26,3,True
158,151,2025-05-05 15:10:00,2025-05-05 15:17:11,7.19,24,True
159,180,2025-05-28 13:28:00,2025-05-28 14:02:04,34.08,20,True
160,134,2025-05-18 13:20:00,2025-05-18 13:27:33,7.55,8,False
161,69,2025-05-26 09:03:00,2025-05-26 09:27:49,24.82,16,False
162,150,2025-05-05 09:58:00,2025-05-05 10:02:40,4.68,3,False
163,157,2025-05-20 18:07:00,2025-05-20 18:26:10,19.17,21,True
164,54,2025-05-17 12:50:00,2025-05-17 13:29:39,39.66,3,False
165,95,2025-05-13 08:41:00,2025-05-13 08:51:22,10.38,10,False
166,99,2025-05-06 12:53:00,2025-05-06 13:17:19,24.33,6,True
167,182,2025-05-09 20:24:00,2025-05-09 20:59:45,35.75,22,True
168,171,2025-05-10 11:17:00,2025-05-10 11:38:01,21.03,20,False
169,185,2025-05-22 08:26:00,2025-05-22 08:32:28,6.48,19,True
170,114,2025-05-19 20:22:00,2025-05-19 20:26:58,4.98,3,False
171,190,2025-05-06 08:58:00,2025-05-06 09:08:27,10.45,16,True
172,11,2025-05-20 13:27:00,2025-05-20 13:46:28,19.48,24,False
173,50,2025-05-07 18:12:00,2025-05-07 18:37:13,25.23,1,True
174,111,2025-05-23 20:56:00,2025-05-23 21:15:54,19.91,20,True
175,44,2025-05-19 08:45:00,2025-05-19 09:01:28,16.48,19,True
176,30,2025-05-21 18:06:00,2025-05-21 18:38:55,32.92,20,True
177,132,2025-05-12 19:45:00,2025-05-12 20:19:30,34.51,19,True
178,31,2025-05-27 10:52:00,2025-05-27 11:16:37,24.62,2,True
179,160,2025-05-10 16:04:00,2025-05-10 16:44:03,40.05,20,True
180,70,2025-05-23 18:36:00,2025-05-23 18:47:46,11.78,7,False
181,144,2025-05-21 08:57:00,2025-05-21 08:59:00,2.0,11,False
182,27,2025-05-12 14:53:00,2025-05-12 15:34:30,41.51,8,True
183,186,2025-05-24 12:25:00,2025-05-24 12:42:17,17.29,3,False
184,36,2025-05-11 11:59:00,2025-05-11 12:13:36,14.61,15,False
185,8,2025-05-10 20:08:00,2025-05-10 20:49:09,41.16,21,False
186,121,2025-05-10 08:34:00,2025-05-10 09:26:29,52.49,16,False
187,177,2025-05-02 08:15:00,2025-05-02 08:32:16,17.28,12,False
188,173,2025-05-27 20:48:00,2025-05-27 21:25:49,37.83,5,True
189,111,2025-05-12 12:56:00,2025-05-12 13:04:03,8.05,18,True
190,46,2025-05-16 21:27:00,2025-05-16 22:20:51,53.86,8,False
191,44,2025-05-26 16:36:00,2025-05-26 16:53:58,17.97,22,True
192,110,2025-05-17 08:30:00,2025-05-17 09:20:12,50.2,21,False
193,158,2025-05-20 13:37:00,2025-05-20 13:43:11,6.19,14,False
194,21,2025-05-21 11:20:00,2025-05-21 11:30:55,10.93,2,False
195,168,2025-05-01 15:30:00,2025-05-01 15:42:26,12.44,25,False
196,157,2025-05-20 20:58:00,2025-05-20 21:17:02,19.04,13,True
197,3,2025-05-26 13:58:00,2025-05-26 14:27:37,29.63,9,False
198,95,2025-05-19 13:21:00,2025-05-19 13:28:03,7.06,7,False
199,157,2025-05-03 13:18:00,2025-05-03 13:23:09,5.16,23,True
200,153,2025-05-14 15:19:00,2025-05-14 15:30:59,11.99,14,True
201,86,2025-05-24 08:16:00,2025-05-24 08:22:26,6.44,5,True
202,108,2025-05-28 19:31:00,2025-05-28 20:10:28,39.47,2,False
203,163,2025-05-27 16:07:00,2025-05-27 16:19:48,12.81,17,False
204,79,2025-05-22 15:47:00,2025-05-22 16:35:28,48.47,5,False
205,109,2025-05-08 20:54:00,2025-05-08 21:26:07,32.13,3,False
206,137,2025-05-17 14:10:00,2025-05-17 14:18:07,8.13,25,True
207,7,2025-05-01 11:52:00,2025-05-01 12:16:12,24.2,8,False
208,12,2025-05-05 09:32:00,2025-05-05 09:44:16,12.28,1,False
209,35,2025-05-17 12:27:00,2025-05-17 12:33:25,6.42,18,True
210,195,2025-05-03 12:36:00,2025-05-03 13:12:31,36.52,1,False
211,171,2025-05-16 12:13:00,2025-05-16 12:41:58,28.98,4,True
212,17,2025-05-01 18:18:00,2025-05-01 18:21:24,3.4,12,True
213,78,2025-05-05 08:46:00,2025-05-05 09:20:11,34.19,22,True
214,178,2025-05-15 10:42:00,2025-05-15 10:50:13,8.22,3,False
215,184,2025-05-18 21:52:00,2025-05-18 22:17:40,25.68,15,False
216,119,2025-05-22 09:08:00,2025-05-22 09:19:34,11.57,19,True
217,42,2025-05-02 12:32:00,2025-05-02 12:51:09,19.15,4,False
218,105,2025-05-17 20:53:00,2025-05-17 21:01:58,8.97,24,True
219,143,2025-05-22 08:31:00,2025-05-22 09:09:06,38.11,24,True
220,125,2025-05-26 13:32:00,2025-05-26 13:55:44,23.74,4,False
221,101,2025-05-24 10:02:00,2025-05-24 10:29:28,27.47,20,True
222,21,2025-05-22 17:20:00,2025-05-22 17:31:55,11.93,17,True
223,14,2025-05-24 15:40:00,2025-05-24 15:46:01,6.02,18,True
224,176,2025-05-12 13:43:00,2025-05-12 14:16:28,33.47,8,False
225,120,2025-05-23 16:55:00,2025-05-23 17:30:16,35.27,6,False
226,117,2025-05-25 10:43:00,2025-05-25 11:05:56,22.94,25,True
227,28,2025-05-23 15:23:00,2025-05-23 16:02:54,39.91,9,True
228,21,2025-05-17 14:16:00,2025-05-17 14:29:49,13.83,25,True
229,145,2025-05-18 14:30:00,2025-05-18 14:32:00,2.0,4,False
230,200,2025-05-01 11:15:00,2025-05-01 11:27:55,12.92,23,True
231,194,2025-05-01 15:15:00,2025-05-01 15:25:20,10.34,14,False
232,66,2025-05-20 20:51:00,2025-05-20 21:15:04,24.08,25,True
233,190,2025-05-17 17:36:00,2025-05-17 17:48:39,12.66,6,True
234,136,2025-05-04 09:59:00,2025-05-04 10:26:18,27.31,14,False
235,92,2025-05-23 14:52:00,2025-05-23 15:07:10,15.18,6,False
236,15,2025-05-01 11:17:00,2025-05-01 11:33:48,16.8,7,False
237,98,2025-05-26 18:30:00,2025-05-26 18:44:18,14.3,23,True
238,167,2025-05-22 10:13:00,2025-05-22 10:16:22,3.38,4,False
239,152,2025-05-27 08:40:00,2025-05-27 08:45:21,5.35,4,True
240,53,2025-05-02 20:02:00,2025-05-02 20:25:07,23.13,22,True
241,113,2025-05-21 11:47:00,2025-05-21 12:11:36,24.61,22,True
242,105,2025-05-04 18:20:00,2025-05-04 19:07:21,47.36,20,True
243,54,2025-05-15 20:49:00,2025-05-15 21:06:57,17.96,17,True
244,70,2025-05-28 17:37:00,2025-05-28 18:07:31,30.52,7,True
245,15,2025-05-23 11:42:00,2025-05-23 12:32:59,50.99,21,True
246,128,2025-05-23 18:32:00,2025-05-23 18:41:13,9.22,21,False
247,93,2025-05-09 20:50:00,2025-05-09 21:14:49,24.83,9,False
248,124,2025-05-09 12:49:00,2025-05-09 13:08:04,19.07,19,True
249,14,2025-05-02 14:00:00,2025-05-02 14:29:36,29.61,5,False
250,94,2025-05-26 13:51:00,2025-05-26 14:04:31,13.53,18,True
251,98,2025-05-01 17:06:00,2025-05-01 17:17:31,11.53,9,True
252,65,2025-05-26 13:46:00,2025-05-26 13:57:17,11.29,25,True
253,162,2025-05-24 12:29:00,2025-05-24 12:33:03,4.06,5,False
254,181,2025-05-16 12:12:00,2025-05-16 12:21:04,9.07,7,True
255,60,2025-05-24 18:44:00,2025-05-24 19:12:28,28.47,20,True
256,176,2025-05-08 14:05:00,2025-05-08 14:31:25,26.42,14,False
257,179,2025-05-24 13:45:00,2025-05-24 14:13:35,28.59,17,False
258,127,2025-05-23 21:18:00,2025-05-23 22:04:47,46.79,5,False
259,72,2025-05-01 10:13:00,2025-05-01 10:56:29,43.49,22,False
260,70,2025-05-23 08:49:00,2025-05-23 09:18:33,29.55,24,False
261,142,2025-05-13 11:32:00,2025-05-13 11:43:34,11.57,12,True
262,34,2025-05-18 19:38:00,2025-05-18 19:48:01,10.03,10,False
263,92,2025-05-06 20:59:00,2025-05-06 21:46:07,47.12,15,False
264,53,2025-05-20 11:20:00,2025-05-20 11:54:24,34.41,8,False
265,56,2025-05-20 14:49:00,2025-05-20 15:27:49,38.83,12,True
266,43,2025-05-03 12:12:00,2025-05-03 12:57:31,45.52,23,True
267,92,2025-05-16 11:07:00,2025-05-16 11:09:48,2.81,19,True
268,117,2025-05-08 08:42:00,2025-05-08 09:24:00,42.01,20,True
269,157,2025-05-16 11:56:00,2025-05-16 12:23:34,27.57,17,True
270,172,2025-05-12 17:40:00,2025-05-12 18:02:42,22.7,18,False
271,8,2025-05-18 18:40:00,2025-05-18 18:55:39,15.65,25,True
272,165,2025-05-23 13:36:00,2025-05-23 14:05:14,29.24,7,True
273,185,2025-05-15 13:07:00,2025-05-15 13:31:57,24.95,1,False
274,138,2025-05-02 20:27:00,2025-05-02 20:34:07,7.13,3,False
275,44,2025-05-26 19:17:00,2025-05-26 19:28:19,11.33,2,False
276,127,2025-05-21 13:33:00,2025-05-21 14:19:23,46.39,22,True
277,12,2025-05-10 17:53:00,2025-05-10 18:11:00,18.01,14,False
278,129,2025-05-14 13:06:00,2025-05-14 13:47:30,41.51,23,True
279,170,2025-05-11 08:43:00,2025-05-11 09:14:11,31.19,4,False
280,52,2025-05-28 17:57:00,2025-05-28 18:12:18,15.3,23,True
281,114,2025-05-18 18:35:00,2025-05-18 19:24:49,49.83,17,False
282,20,2025-05-25 09:03:00,2025-05-25 09:34:32,31.54,15,False
283,115,2025-05-20 11:41:00,2025-05-20 12:12:55,31.92,11,True
284,55,2025-05-27 09:27:00,2025-05-27 10:00:01,33.03,20,True
285,1,2025-05-10 08:30:00,2025-05-10 09:11:00,41.01,3,False
286,179,2025-05-19 10:48:00,2025-05-19 10:57:48,9.81,8,False
287,121,2025-05-07 13:49:00,2025-05-07 14:06:32,17.54,16,False
288,7,2025-05-18 20:21:00,2025-05-18 20:52:22,31.37,12,False
289,181,2025-05-10 10:21:00,2025-05-10 10:41:39,20.65,18,False
290,138,2025-05-07 14:41:00,2025-05-07 15:04:52,23.88,1,False
291,168,2025-05-07 10:37:00,2025-05-07 11:06:28,29.47,18,True
292,128,2025-05-26 08:27:00,2025-05-26 08:29:45,2.76,13,True
293,62,2025-05-08 21:28:00,2025-05-08 21:38:40,10.67,24,True
294,73,2025-05-07 14:35:00,2025-05-07 14:54:01,19.02,13,True
295,92,2025-05-16 19:31:00,2025-05-16 19:56:55,25.92,9,False
296,135,2025-05-05 12:48:00,2025-05-05 13:24:57,36.96,9,True
297,186,2025-05-24 17:32:00,2025-05-24 18:03:15,31.26,23,True
298,183,2025-05-08 17:55:00,2025-05-08 18:36:00,41.01,6,True
299,36,2025-05-22 19:00:00,2025-05-22 19:25:27,25.46,9,False
300,124,2025-05-03 13:53:00,2025-05-03 14:26:22,33.38,15,False
301,141,2025-05-19 21:14:00,2025-05-19 21:33:42,19.71,22,False
302,171,2025-05-15 20:52:00,2025-05-15 21:28:32,36.54,24,True
303,12,2025-05-18 13:08:00,2025-05-18 13:15:55,7.93,11,False
304,151,2025-05-14 12:21:00,2025-05-14 12:44:19,23.32,12,True
305,143,2025-05-17 15:09:00,2025-05-17 15:33:39,24.65,5,True
306,178,2025-05-02 14:56:00,2025-05-02 15:22:13,26.22,15,False
307,9,2025-05-02 14:51:00,2025-05-02 15:09:16,18.28,14,True
308,64,2025-05-02 11:05:00,2025-05-02 11:45:24,40.41,8,True
309,6,2025-05-13 13:16:00,2025-05-13 13:48:21,32.35,16,True
310,101,2025-05-04 13:04:00,2025-05-04 13:19:32,15.54,9,True
311,116,2025-05-19 16:12:00,2025-05-19 16:52:19,40.33,3,False
312,169,2025-05-07 20:53:00,2025-05-07 21:31:15,38.25,23,False
313,168,2025-05-18 10:20:00,2025-05-18 10:52:53,32.89,4,False
314,109,2025-05-20 12:40:00,2025-05-20 13:07:06,27.11,19,True
315,93,2025-05-27 09:31:00,2025-05-27 10:02:02,31.04,19,False
316,20,2025-05-20 20:03:00,2025-05-20 20:51:19,48.32,24,True
317,33,2025-05-04 20:55:00,2025-05-04 21:16:59,21.99,21,True
318,79,2025-05-27 19:17:00,2025-05-27 19:44:40,27.68,4,False
319,155,2025-05-07 18:22:00,2025-05-07 18:27:20,5.34,24,True
320,62,2025-05-22 16:05:00,2025-05-22 16:14:32,9.54,16,True
321,41,2025-05-02 10:56:00,2025-05-02 11:14:04,18.08,12,True
322,191,2025-05-20 11:47:00,2025-05-20 12:04:30,17.51,19,True
323,68,2025-05-09 08:19:00,2025-05-09 08:30:18,11.3,1,False
324,143,2025-05-06 11:43:00,2025-05-06 12:03:59,20.99,5,False
325,165,2025-05-08 15:27:00,2025-05-08 15:43:47,16.79,3,False
326,58,2025-05-11 13:19:00,2025-05-11 14:00:54,41.9,4,True
327,175,2025-05-08 17:13:00,2025-05-08 17:49:23,36.39,9,True
328,165,2025-05-04 11:56:00,2025-05-04 12:18:47,22.79,8,False
329,159,2025-05-28 19:34:00,2025-05-28 20:09:04,35.08,6,False
330,34,2025-05-20 21:38:00,2025-05-20 21:45:37,7.62,23,True
331,89,2025-05-20 11:36:00,2025-05-20 12:22:31,46.52,22,False
332,173,2025-05-06 10:02:00,2025-05-06 10:38:40,36.67,22,True
333,65,2025-05-07 14:17:00,2025-05-07 14:34:42,17.71,24,True
334,38,2025-05-06 19:48:00,2025-05-06 20:09:33,21.56,21,True
335,119,2025-05-17 08:54:00,2025-05-17 09:35:30,41.51,15,False
336,56,2025-05-07 16:48:00,2025-05-07 17:00:21,12.36,19,True
337,163,2025-05-05 13:32:00,2025-05-05 14:22:41,50.69,16,False
338,123,2025-05-06 16:42:00,2025-05-06 17:09:22,27.38,8,True
339,48,2025-05-23 12:52:00,2025-05-23 13:16:48,24.81,25,True
340,192,2025-05-14 19:12:00,2025-05-14 19:24:41,12.69,7,True
341,28,2025-05-26 19:53:00,2025-05-26 20:17:58,24.97,12,False
342,106,2025-05-01 08:50:00,2025-05-01 09:44:09,54.16,8,False
343,102,2025-05-24 12:33:00,2025-05-24 12:52:05,19.09,19,True
344,68,2025-05-11 13:30:00,2025-05-11 14:07:52,37.88,7,False
345,12,2025-05-09 09:18:00,2025-05-09 09:34:12,16.2,2,True
346,20,2025-05-08 20:31:00,2025-05-08 20:41:09,10.15,4,True
347,194,2025-05-05 12:57:00,2025-05-05 13:24:37,27.62,20,True
348,67,2025-05-01 15:51:00,2025-05-01 16:21:32,30.54,11,True
349,55,2025-05-22 18:18:00,2025-05-22 18:43:10,25.18,1,True
350,103,2025-05-14 14:24:00,2025-05-14 14:52:05,28.09,14,False
351,133,2025-05-14 16:10:00,2025-05-14 16:58:43,48.73,1,False
352,147,2025-05-16 20:11:00,2025-05-16 20:36:06,25.11,5,True
353,63,2025-05-21 12:45:00,2025-05-21 13:21:21,36.36,20,True
354,46,2025-05-07 20:43:00,2025-05-07 21:15:03,32.06,14,True
355,191,2025-05-13 09:34:00,2025-05-13 09:45:07,11.12,13,True
356,190,2025-05-24 16:44:00,2025-05-24 17:30:33,46.55,20,False
357,194,2025-05-08 18:59:00,2025-05-08 19:44:00,45.01,3,False
358,59,2025-05-22 12:17:00,2025-05-22 12:28:06,11.1,8,False
359,26,2025-05-18 11:34:00,2025-05-18 11:39:04,5.08,7,True
360,18,2025-05-26 10:41:00,2025-05-26 10:53:54,12.9,8,False
361,199,2025-05-22 10:10:00,2025-05-22 10:12:40,2.67,17,False
362,8,2025-05-01 18:09:00,2025-05-01 18:21:58,12.98,7,True
363,102,2025-05-21 20:43:00,2025-05-21 20:56:32,13.54,1,False
364,43,2025-05-16 08:11:00,2025-05-16 08:20:47,9.79,14,True
365,47,2025-05-20 13:38:00,2025-05-20 13:49:10,11.18,4,False
366,125,2025-05-21 13:25:00,2025-05-21 13:59:31,34.52,23,True
367,88,2025-05-27 11:52:00,2025-05-27 12:11:29,19.49,17,True
368,131,2025-05-25 15:07:00,2025-05-25 15:31:34,24.57,24,True
369,120,2025-05-21 08:57:00,2025-05-21 09:41:24,44.41,5,False
370,61,2025-05-22 19:46:00,2025-05-22 20:08:27,22.46,24,True
371,171,2025-05-22 08:01:00,2025-05-22 08:28:08,27.14,7,True
372,175,2025-05-24 20:22:00,2025-05-24 20:36:25,14.42,12,True
373,57,2025-05-04 09:27:00,2025-05-04 09:55:37,28.63,6,False
374,174,2025-05-01 09:47:00,2025-05-01 09:53:02,6.04,4,False
375,190,2025-05-18 14:47:00,2025-05-18 15:01:34,14.57,11,True
376,66,2025-05-25 10:27:00,2025-05-25 10:44:46,17.77,6,True
377,165,2025-05-28 08:18:00,2025-05-28 08:44:06,26.11,3,False
378,115,2025-05-11 20:20:00,2025-05-11 20:26:39,6.65,6,False
379,126,2025-05-15 08:14:00,2025-05-15 08:39:42,25.7,20,True
380,167,2025-05-15 14:17:00,2025-05-15 14:47:04,30.07,17,True
381,43,2025-05-15 18:38:00,2025-05-15 19:00:12,22.2,18,True
382,61,2025-05-05 08:23:00,2025-05-05 08:25:24,2.4,7,True
383,51,2025-05-28 14:34:00,2025-05-28 14:39:04,5.07,2,False
384,78,2025-05-02 14:20:00,2025-05-02 14:24:09,4.15,23,True
385,20,2025-05-24 09:29:00,2025-05-24 09:34:58,5.97,12,False
386,146,2025-05-14 16:35:00,2025-05-14 17:10:49,35.83,3,True
387,170,2025-05-20 08:19:00,2025-05-20 08:53:02,34.04,8,False
388,86,2025-05-23 14:31:00,2025-05-23 15:06:42,35.7,3,False
389,8,2025-05-04 15:02:00,2025-05-04 15:23:24,21.4,14,True
390,40,2025-05-22 11:35:00,2025-05-22 11:43:10,8.17,8,True
391,118,2025-05-22 10:20:00,2025-05-22 10:32:38,12.64,12,False
392,69,2025-05-17 17:35:00,2025-05-17 18:05:50,30.84,17,True
393,49,2025-05-07 18:46:00,2025-05-07 19:10:51,24.86,21,True
394,148,2025-05-17 14:42:00,2025-05-17 15:02:33,20.55,17,True
395,35,2025-05-22 15:15:00,2025-05-22 15:47:51,32.85,25,True
396,188,2025-05-18 14:42:00,2025-05-18 15:07:50,25.84,5,False
397,80,2025-05-01 14:40:00,2025-05-01 14:46:11,6.19,14,True
398,30,2025-05-09 19:56:00,2025-05-09 20:04:18,8.31,7,True
399,107,2025-05-07 14:10:00,2025-05-07 14:42:00,32.01,7,True
400,93,2025-05-26 19:07:00,2025-05-26 19:59:09,52.15,10,True
401,68,2025-05-19 12:18:00,2025-05-19 12:47:09,29.16,6,False
402,46,2025-05-28 18:49:00,2025-05-28 19:06:42,17.71,12,True
403,193,2025-05-16 18:39:00,2025-05-16 18:56:58,17.98,10,True
404,113,2025-05-24 11:20:00,2025-05-24 11:35:15,15.25,17,False
405,166,2025-05-19 20:07:00,2025-05-19 20:19:36,12.61,15,True
406,20,2025-05-26 16:14:00,2025-05-26 16:33:36,19.61,22,False
407,143,2025-05-06 12:20:00,2025-05-06 12:47:21,27.35,24,True
408,137,2025-05-21 18:52:00,2025-05-21 19:25:39,33.65,24,True
409,109,2025-05-14 19:47:00,2025-05-14 20:18:04,31.08,13,False
410,156,2025-05-04 20:09:00,2025-05-04 20:15:32,6.54,23,True
411,3,2025-05-14 09:54:00,2025-05-14 10:11:40,17.67,1,True
412,187,2025-05-07 09:26:00,2025-05-07 09:28:31,2.53,2,True
413,143,2025-05-26 17:34:00,2025-05-26 18:08:33,34.56,17,False
414,142,2025-05-13 09:16:00,2025-05-13 10:01:21,45.35,5,False
415,67,2025-05-06 08:59:00,2025-05-06 09:04:57,5.95,9,False
416,66,2025-05-13 08:41:00,2025-05-13 09:01:23,20.39,8,False
417,149,2025-05-12 10:33:00,2025-05-12 11:23:43,50.73,20,True
418,193,2025-05-16 19:48:00,2025-05-16 20:21:09,33.15,1,False
419,100,2025-05-15 14:01:00,2025-05-15 14:23:59,22.99,2,False
420,27,2025-05-11 08:49:00,2025-05-11 09:11:38,22.64,2,False
421,190,2025-05-01 21:08:00,2025-05-01 21:37:12,29.2,14,False
422,55,2025-05-12 12:43:00,2025-05-12 13:16:30,33.5,16,True
423,23,2025-05-17 12:08:00,2025-05-17 12:25:07,17.12,10,False
424,34,2025-05-28 12:22:00,2025-05-28 12:49:21,27.35,20,True
425,71,2025-05-21 11:30:00,2025-05-21 12:03:57,33.95,11,True
426,199,2025-05-11 15:57:00,2025-05-11 16:12:01,15.02,18,False
427,192,2025-05-05 13:04:00,2025-05-05 13:12:41,8.69,24,True
428,152,2025-05-28 18:03:00,2025-05-28 18:12:07,9.13,25,True
429,123,2025-05-19 20:40:00,2025-05-19 20:54:35,14.59,25,True
430,42,2025-05-07 20:39:00,2025-05-07 21:06:00,27.0,19,False
431,171,2025-05-17 13:17:00,2025-05-17 13:20:32,3.54,9,False
432,147,2025-05-23 09:08:00,2025-05-23 09:22:32,14.54,11,True
433,88,2025-05-03 19:12:00,2025-05-03 20:06:28,54.47,13,False
434,80,2025-05-05 19:27:00,2025-05-05 19:54:39,27.65,17,True
435,18,2025-05-17 17:31:00,2025-05-17 18:03:05,32.09,17,True
436,130,2025-05-02 12:06:00,2025-05-02 12:56:01,50.03,3,False
437,130,2025-05-27 13:18:00,2025-05-27 13:32:12,14.2,8,False
438,47,2025-05-22 08:40:00,2025-05-22 09:20:28,40.47,16,False
439,149,2025-05-08 14:31:00,2025-05-08 15:26:52,55.88,16,False
440,97,2025-05-10 13:22:00,2025-05-10 13:41:16,19.28,7,True
441,179,2025-05-09 11:22:00,2025-05-09 12:05:18,43.3,2,True
442,13,2025-05-18 17:46:00,2025-05-18 17:54:25,8.42,21,False
443,94,2025-05-22 19:04:00,2025-05-22 19:30:43,26.73,11,False
444,37,2025-05-13 12:01:00,2025-05-13 12:21:33,20.55,1,False
445,162,2025-05-04 19:52:00,2025-05-04 20:08:37,16.63,14,True
446,189,2025-05-09 18:08:00,2025-05-09 18:39:57,31.96,19,True
447,112,2025-05-19 13:52:00,2025-05-19 14:25:25,33.43,22,True
448,53,2025-05-15 15:49:00,2025-05-15 15:54:04,5.08,18,True
449,172,2025-05-27 19:37:00,2025-05-27 20:00:36,23.6,3,False
450,18,2025-05-24 19:44:00,2025-05-24 20:12:55,28.92,13,False
451,37,2025-05-08 21:37:00,2025-05-08 21:39:00,2.0,12,True
452,189,2025-05-17 14:31:00,2025-05-17 14:58:40,27.67,1,False
453,196,2025-05-02 09:57:00,2025-05-02 10:29:45,32.75,2,False
454,191,2025-05-05 16:44:00,2025-05-05 16:49:25,5.43,22,True
455,183,2025-05-02 21:40:00,2025-05-02 22:02:01,22.03,14,True
456,170,2025-05-10 08:47:00,2025-05-10 09:12:30,25.51,22,True
457,46,2025-05-16 13:18:00,2025-05-16 13:47:23,29.39,22,False
458,129,2025-05-11 09:22:00,2025-05-11 09:50:00,28.01,13,True
459,94,2025-05-27 14:43:00,2025-05-27 15:00:09,17.15,18,False
460,108,2025-05-24 11:24:00,2025-05-24 11:39:11,15.19,19,False
461,106,2025-05-04 21:58:00,2025-05-04 22:03:37,5.62,14,False
462,34,2025-05-09 13:59:00,2025-05-09 14:04:47,5.79,20,True
463,38,2025-05-21 19:27:00,2025-05-21 19:59:42,32.71,10,False
464,135,2025-05-16 17:48:00,2025-05-16 18:26:37,38.63,24,True
465,161,2025-05-02 12:45:00,2025-05-02 12:59:08,14.14,6,True
466,188,2025-05-03 14:16:00,2025-05-03 14:29:00,13.0,5,False
467,184,2025-05-25 08:07:00,2025-05-25 08:33:39,26.65,25,True
468,135,2025-05-12 18:22:00,2025-05-12 18:35:09,13.15,5,True
469,90,2025-05-14 15:13:00,2025-05-14 15:59:03,46.05,12,True
470,77,2025-05-01 21:45:00,2025-05-01 21:51:33,6.55,16,True
471,33,2025-05-10 20:33:00,2025-05-10 20:46:55,13.92,23,False
472,84,2025-05-05 18:46:00,2025-05-05 19:03:54,17.9,3,True
473,139,2025-05-01 18:53:00,2025-05-01 19:27:10,34.17,24,True
474,86,2025-05-07 18:42:00,2025-05-07 18:47:06,5.11,6,False
475,120,2025-05-16 20:38:00,2025-05-16 20:44:18,6.3,13,True
476,101,2025-05-21 19:39:00,2025-05-21 19:58:15,19.25,21,True
477,132,2025-05-09 13:00:00,2025-05-09 13:11:06,11.11,20,True
478,154,2025-05-09 08:53:00,2025-05-09 09:04:13,11.22,21,True
479,40,2025-05-23 12:47:00,2025-05-23 13:02:01,15.03,23,True
480,162,2025-05-11 08:52:00,2025-05-11 09:22:42,30.7,17,True
481,73,2025-05-28 21:39:00,2025-05-28 22:03:33,24.55,17,True
482,44,2025-05-01 19:04:00,2025-05-01 19:18:19,14.33,15,True
483,103,2025-05-24 09:26:00,2025-05-24 09:46:38,20.64,5,False
484,193,2025-05-13 09:53:00,2025-05-13 10:30:19,37.33,23,False
485,144,2025-05-28 12:37:00,2025-05-28 12:53:57,16.96,9,False
486,105,2025-05-28 14:04:00,2025-05-28 14:56:57,52.95,18,False
487,150,2025-05-28 09:44:00,2025-05-28 10:06:14,22.24,24,True
488,179,2025-05-21 19:50:00,2025-05-21 20:17:55,27.93,25,True
489,73,2025-05-03 10:40:00,2025-05-03 10:55:54,15.91,18,False
490,127,2025-05-18 08:59:00,2025-05-18 09:18:43,19.73,1,False
491,141,2025-05-18 09:04:00,2025-05-18 09:14:35,10.59,20,True
492,114,2025-05-06 08:12:00,2025-05-06 08:48:05,36.09,9,False
493,164,2025-05-04 17:40:00,2025-05-04 18:03:30,23.51,11,False
494,123,2025-05-02 13:16:00,2025-05-02 13:46:34,30.58,8,True
495,191,2025-05-11 12:27:00,2025-05-11 13:03:19,36.32,8,False
496,137,2025-05-04 08:54:00,2025-05-04 09:08:11,14.19,5,False
497,108,2025-05-05 13:17:00,2025-05-05 13:50:54,33.91,22,True
498,24,2025-05-25 12:24:00,2025-05-25 12:32:48,8.81,15,False
499,11,2025-05-01 09:58:00,2025-05-01 10:37:35,39.59,2,False
500,162,2025-05-10 19:31:00,2025-05-10 19:46:04,15.07,19,True
501,27,2025-05-07 09:36:00,2025-05-07 10:04:24,28.4,16,True
502,76,2025-05-05 18:34:00,2025-05-05 19:07:21,33.35,6,False
503,194,2025-05-12 17:19:00,2025-05-12 17:42:11,23.19,22,True
504,190,2025-05-27 17:02:00,2025-05-27 17:48:03,46.06,5,True
505,162,2025-05-13 21:10:00,2025-05-13 21:52:20,42.34,3,False
506,56,2025-05-18 15:18:00,2025-05-18 15:40:57,22.95,1,False
507,42,2025-05-23 20:36:00,2025-05-23 21:06:52,30.88,22,False
508,43,2025-05-01 15:07:00,2025-05-01 15:33:21,26.36,18,True
509,121,2025-05-17 14:03:00,2025-05-17 14:21:15,18.26,15,True
510,142,2025-05-20 10:48:00,2025-05-20 10:53:43,5.73,5,False
511,82,2025-05-26 15:17:00,2025-05-26 15:23:31,6.53,6,True
512,107,2025-05-01 14:28:00,2025-05-01 14:52:15,24.26,21,True
513,88,2025-05-25 15:04:00,2025-05-25 15:19:55,15.93,14,True
514,25,2025-05-23 19:19:00,2025-05-23 19:33:34,14.57,6,False
515,174,2025-05-26 21:33:00,2025-05-26 21:58:47,25.79,5,False
516,27,2025-05-25 09:52:00,2025-05-25 09:57:10,5.17,8,False
517,20,2025-05-11 15:27:00,2025-05-11 15:50:00,23.01,2,False
518,193,2025-05-28 21:34:00,2025-05-28 21:43:07,9.12,17,False
519,150,2025-05-08 12:27:00,2025-05-08 12:47:36,20.6,16,True
520,161,2025-05-10 19:47:00,2025-05-10 20:05:46,18.78,7,False
521,160,2025-05-12 10:17:00,2025-05-12 10:34:49,17.82,11,False
522,136,2025-05-21 10:25:00,2025-05-21 10:35:24,10.4,21,True
523,190,2025-05-28 10:29:00,2025-05-28 10:35:52,6.88,24,True
524,177,2025-05-17 18:24:00,2025-05-17 19:10:08,46.14,9,False
525,54,2025-05-22 16:22:00,2025-05-22 17:15:37,53.62,25,True
526,157,2025-05-05 10:46:00,2025-05-05 11:27:19,41.33,23,False
527,48,2025-05-12 11:43:00,2025-05-12 12:10:39,27.66,17,True
528,138,2025-05-17 11:05:00,2025-05-17 11:25:47,20.79,8,True
529,41,2025-05-17 10:27:00,2025-05-17 10:47:49,20.82,20,True
530,114,2025-05-04 14:53:00,2025-05-04 15:27:13,34.23,5,True
531,107,2025-05-06 21:34:00,2025-05-06 22:07:01,33.03,10,False
532,13,2025-05-22 18:33:00,2025-05-22 18:54:29,21.49,6,False
533,102,2025-05-15 18:13:00,2025-05-15 18:32:34,19.57,8,True
534,41,2025-05-24 14:57:00,2025-05-24 15:07:13,10.23,7,False
535,156,2025-05-02 16:52:00,2025-05-02 17:16:45,24.75,10,False
536,66,2025-05-28 18:45:00,2025-05-28 19:02:39,17.66,8,False
537,177,2025-05-04 14:26:00,2025-05-04 14:41:16,15.28,25,False
538,82,2025-05-10 09:18:00,2025-05-10 09:23:39,5.65,20,False
539,39,2025-05-06 17:22:00,2025-05-06 17:27:26,5.44,1,False
540,21,2025-05-02 14:46:00,2025-05-02 15:18:23,32.39,2,True
541,5,2025-05-21 09:28:00,2025-05-21 09:48:12,20.2,17,False
542,98,2025-05-27 10:57:00,2025-05-27 11:15:57,18.95,14,True
543,82,2025-05-16 21:59:00,2025-05-16 22:13:22,14.37,3,False
544,46,2025-05-22 12:09:00,2025-05-22 12:25:10,16.18,12,True
545,4,2025-05-15 09:51:00,2025-05-15 09:55:18,4.3,15,False
546,7,2025-05-06 11:42:00,2025-05-06 12:05:50,23.84,24,True
547,60,2025-05-08 18:12:00,2025-05-08 18:15:58,3.98,15,True
548,66,2025-05-24 20:04:00,2025-05-24 20:19:25,15.43,18,False
549,195,2025-05-19 10:10:00,2025-05-19 10:16:10,6.18,22,False
550,92,2025-05-26 18:11:00,2025-05-26 18:19:42,8.7,22,True
551,113,2025-05-28 14:35:00,2025-05-28 14:41:29,6.49,14,False
552,86,2025-05-02 21:20:00,2025-05-02 21:24:45,4.75,23,True
553,154,2025-05-10 11:03:00,2025-05-10 11:20:18,17.31,6,False
554,65,2025-05-20 14:52:00,2025-05-20 15:06:19,14.32,8,False
555,13,2025-05-25 18:53:00,2025-05-25 19:05:10,12.18,9,True
556,188,2025-05-18 20:22:00,2025-05-18 20:59:52,37.88,1,False
557,63,2025-05-27 10:37:00,2025-05-27 11:01:19,24.32,1,False
558,28,2025-05-11 17:01:00,2025-05-11 17:12:31,11.52,7,False
559,158,2025-05-02 15:16:00,2025-05-02 15:32:17,16.29,8,False
560,125,2025-05-09 21:45:00,2025-05-09 21:50:24,5.41,12,True
561,136,2025-05-13 13:43:00,2025-05-13 14:13:57,30.96,25,True
562,35,2025-05-08 14:24:00,2025-05-08 14:48:29,24.49,16,True
563,133,2025-05-20 11:32:00,2025-05-20 12:02:39,30.66,5,False
564,30,2025-05-13 08:08:00,2025-05-13 08:37:24,29.41,16,False
565,108,2025-05-18 12:35:00,2025-05-18 12:41:31,6.53,14,True
566,18,2025-05-15 13:09:00,2025-05-15 13:33:49,24.83,8,True
567,157,2025-05-27 16:14:00,2025-05-27 16:37:45,23.76,20,False
568,190,2025-05-23 21:25:00,2025-05-23 21:31:49,6.83,12,True
569,61,2025-05-10 19:55:00,2025-05-10 19:57:59,2.99,20,True
570,85,2025-05-09 19:31:00,2025-05-09 19:46:38,15.64,15,True
571,118,2025-05-18 09:38:00,2025-05-18 09:57:13,19.22,11,False
572,99,2025-05-04 20:59:00,2025-05-04 21:07:57,8.96,9,True
573,103,2025-05-18 21:46:00,2025-05-18 22:05:43,19.72,24,True
574,160,2025-05-21 12:56:00,2025-05-21 13:06:27,10.45,6,False
575,117,2025-05-26 09:43:00,2025-05-26 10:22:16,39.27,19,True
576,79,2025-05-25 09:07:00,2025-05-25 09:14:28,7.47,15,False
577,116,2025-05-04 10:24:00,2025-05-04 10:49:18,25.3,18,False
578,31,2025-05-06 21:31:00,2025-05-06 22:08:40,37.68,17,True
579,104,2025-05-01 18:33:00,2025-05-01 18:47:40,14.67,22,False
580,120,2025-05-23 11:03:00,2025-05-23 11:49:07,46.13,14,True
581,32,2025-05-14 20:39:00,2025-05-14 20:56:05,17.09,4,False
582,16,2025-05-24 19:17:00,2025-05-24 19:24:08,7.14,2,True
583,187,2025-05-14 12:49:00,2025-05-14 12:58:10,9.17,16,True
584,190,2025-05-06 10:46:00,2025-05-06 11:20:58,34.97,24,True
585,183,2025-05-16 17:52:00,2025-05-16 18:36:21,44.35,12,True
586,83,2025-05-09 15:46:00,2025-05-09 16:07:39,21.65,18,False
587,18,2025-05-02 21:44:00,2025-05-02 21:59:19,15.33,23,True
588,127,2025-05-15 09:35:00,2025-05-15 09:49:19,14.33,25,True
589,6,2025-05-09 08:59:00,2025-05-09 09:13:13,14.23,2,True
590,26,2025-05-14 18:25:00,2025-05-14 18:48:10,23.18,25,False
591,148,2025-05-23 19:44:00,2025-05-23 20:01:37,17.63,24,False
592,179,2025-05-15 10:36:00,2025-05-15 11:15:22,39.37,10,True
593,43,2025-05-28 15:02:00,2025-05-28 15:16:15,14.25,3,False
594,18,2025-05-11 16:19:00,2025-05-11 16:40:21,21.35,11,True
595,168,2025-05-02 18:13:00,2025-05-02 18:40:45,27.75,4,False
596,101,2025-05-03 11:16:00,2025-05-03 11:25:43,9.73,16,True
597,198,2025-05-22 08:52:00,2025-05-22 09:28:35,36.59,13,False
598,163,2025-05-06 12:10:00,2025-05-06 13:00:49,50.83,14,False
599,191,2025-05-14 09:29:00,2025-05-14 10:04:49,35.83,3,True
600,58,2025-05-13 20:51:00,2025-05-13 21:25:41,34.69,21,True
601,105,2025-05-04 13:07:00,2025-05-04 13:16:09,9.16,12,False
602,3,2025-05-12 10:39:00,2025-05-12 10:50:55,11.93,16,False
603,33,2025-05-25 11:21:00,2025-05-25 12:04:37,43.62,23,True
604,103,2025-05-08 13:27:00,2025-05-08 13:32:03,5.06,11,False
605,94,2025-05-03 15:51:00,2025-05-03 16:32:29,41.49,12,True
606,18,2025-05-27 10:29:00,2025-05-27 10:41:52,12.88,11,False
607,17,2025-05-20 15:27:00,2025-05-20 15:53:58,26.97,9,True
608,180,2025-05-26 14:49:00,2025-05-26 15:06:36,17.6,5,False
609,11,2025-05-24 18:32:00,2025-05-24 18:37:55,5.92,9,False
610,43,2025-05-19 19:28:00,2025-05-19 19:35:17,7.29,2,False
611,64,2025-05-15 20:50:00,2025-05-15 21:11:53,21.89,21,True
612,103,2025-05-17 09:31:00,2025-05-17 09:58:36,27.61,17,False
613,85,2025-05-28 18:58:00,2025-05-28 19:16:46,18.77,1,False
614,142,2025-05-27 19:07:00,2025-05-27 19:49:56,42.94,13,False
615,152,2025-05-02 18:11:00,2025-05-02 18:21:53,10.89,4,False
616,146,2025-05-10 14:01:00,2025-05-10 14:16:03,15.06,10,False
617,109,2025-05-25 12:09:00,2025-05-25 12:33:06,24.1,24,True
618,69,2025-05-20 16:52:00,2025-05-20 17:30:10,38.17,23,True
619,149,2025-05-05 08:15:00,2025-05-05 08:25:51,10.85,24,True
620,127,2025-05-23 21:07:00,2025-05-23 21:30:45,23.76,17,True
621,89,2025-05-28 08:19:00,2025-05-28 08:36:41,17.69,25,True
622,91,2025-05-02 16:24:00,2025-05-02 16:42:00,18.0,19,False
623,34,2025-05-25 10:54:00,2025-05-25 11:05:12,11.21,9,False
624,66,2025-05-04 10:26:00,2025-05-04 10:35:28,9.48,19,True
625,65,2025-05-11 16:25:00,2025-05-11 16:28:36,3.6,11,False
626,148,2025-05-08 12:56:00,2025-05-08 13:01:48,5.8,21,False
627,37,2025-05-22 18:30:00,2025-05-22 19:03:39,33.65,17,True
628,98,2025-05-20 11:11:00,2025-05-20 11:33:33,22.55,5,False
629,36,2025-05-08 14:34:00,2025-05-08 14:40:52,6.87,11,True
630,53,2025-05-20 19:38:00,2025-05-20 20:23:38,45.64,11,False
631,132,2025-05-01 09:55:00,2025-05-01 10:22:00,27.01,1,False
632,192,2025-05-13 18:48:00,2025-05-13 19:14:53,26.89,25,True
633,19,2025-05-01 19:13:00,2025-05-01 19:31:54,18.91,4,False
634,170,2025-05-24 14:29:00,2025-05-24 15:07:15,38.26,14,False
635,183,2025-05-04 09:42:00,2025-05-04 09:47:46,5.78,17,True
636,143,2025-05-06 14:01:00,2025-05-06 14:07:53,6.89,23,True
637,57,2025-05-07 21:59:00,2025-05-07 22:48:49,49.83,11,True
638,196,2025-05-16 15:28:00,2025-05-16 15:39:04,11.07,15,False
639,28,2025-05-22 20:33:00,2025-05-22 21:13:03,40.05,4,False
640,59,2025-05-23 14:12:00,2025-05-23 14:39:43,27.72,23,True
641,5,2025-05-25 19:50:00,2025-05-25 20:21:33,31.55,23,True
642,122,2025-05-02 14:36:00,2025-05-02 15:30:32,54.54,22,True
643,105,2025-05-03 21:26:00,2025-05-03 22:10:49,44.83,19,False
644,195,2025-05-19 16:50:00,2025-05-19 17:09:47,19.79,3,False
645,200,2025-05-21 13:50:00,2025-05-21 14:16:12,26.21,4,False
646,162,2025-05-11 18:03:00,2025-05-11 18:09:51,6.86,16,True
647,103,2025-05-22 11:32:00,2025-05-22 12:03:27,31.46,10,False
648,182,2025-05-16 16:40:00,2025-05-16 17:10:48,30.8,5,True
649,105,2025-05-22 14:38:00,2025-05-22 14:42:53,4.89,11,False
650,28,2025-05-09 21:37:00,2025-05-09 21:43:12,6.21,4,False
651,170,2025-05-17 08:00:00,2025-05-17 08:34:36,34.6,17,False
652,165,2025-05-10 19:44:00,2025-05-10 20:27:30,43.51,23,True
653,30,2025-05-15 09:37:00,2025-05-15 09:55:06,18.1,6,False
654,60,2025-05-14 15:23:00,2025-05-14 16:00:19,37.33,15,True
655,53,2025-05-22 09:00:00,2025-05-22 09:23:10,23.17,20,True
656,162,2025-05-22 18:11:00,2025-05-22 18:33:28,22.48,3,False
657,182,2025-05-14 17:48:00,2025-05-14 18:19:17,31.29,5,False
658,75,2025-05-25 11:23:00,2025-05-25 11:48:24,25.4,8,False
659,194,2025-05-07 14:59:00,2025-05-07 15:26:09,27.16,12,True
660,82,2025-05-24 08:30:00,2025-05-24 09:10:27,40.46,22,True
661,99,2025-05-09 19:26:00,2025-05-09 20:12:59,46.99,6,False
662,104,2025-05-22 11:06:00,2025-05-22 11:38:02,32.04,15,True
663,82,2025-05-03 18:38:00,2025-05-03 18:58:51,20.85,7,False
664,52,2025-05-13 10:45:00,2025-05-13 10:50:17,5.29,22,True
665,115,2025-05-17 15:55:00,2025-05-17 16:49:48,54.81,21,True
666,168,2025-05-12 20:55:00,2025-05-12 21:12:51,17.86,16,False
667,107,2025-05-12 10:30:00,2025-05-12 11:22:12,52.2,20,True
668,77,2025-05-17 17:37:00,2025-05-17 18:23:57,46.95,6,False
669,181,2025-05-18 10:52:00,2025-05-18 11:09:07,17.13,19,True
670,147,2025-05-07 15:52:00,2025-05-07 16:08:15,16.25,8,False
671,128,2025-05-16 09:44:00,2025-05-16 10:02:21,18.36,17,True
672,152,2025-05-12 20:26:00,2025-05-12 20:33:21,7.36,12,True
673,57,2025-05-23 13:23:00,2025-05-23 13:36:51,13.85,16,False
674,2,2025-05-26 18:09:00,2025-05-26 18:24:41,15.69,6,False
675,61,2025-05-12 10:34:00,2025-05-12 11:00:31,26.53,12,False
676,77,2025-05-16 10:26:00,2025-05-16 11:04:42,38.71,16,True
677,176,2025-05-05 16:15:00,2025-05-05 16:25:19,10.33,4,False
678,186,2025-05-22 08:33:00,2025-05-22 08:54:28,21.47,11,True
679,29,2025-05-21 08:20:00,2025-05-21 08:37:16,17.27,21,True
680,128,2025-05-14 09:37:00,2025-05-14 09:51:19,14.33,24,True
681,99,2025-05-26 18:18:00,2025-05-26 18:47:42,29.71,8,True
682,59,2025-05-07 15:36:00,2025-05-07 15:47:45,11.75,23,True
683,158,2025-05-03 13:00:00,2025-05-03 13:08:55,8.93,18,False
684,74,2025-05-11 08:20:00,2025-05-11 08:27:53,7.89,11,False
685,122,2025-05-05 20:26:00,2025-05-05 20:35:18,9.31,21,True
686,20,2025-05-09 13:37:00,2025-05-09 14:04:52,27.88,14,True
687,24,2025-05-15 20:19:00,2025-05-15 20:52:55,33.93,14,True
688,135,2025-05-15 20:19:00,2025-05-15 20:58:47,39.79,12,False
689,162,2025-05-20 16:16:00,2025-05-20 16:33:43,17.72,20,False
690,145,2025-05-11 10:21:00,2025-05-11 10:41:52,20.88,9,True
691,71,2025-05-17 15:28:00,2025-05-17 15:47:38,19.64,20,True
692,152,2025-05-28 18:34:00,2025-05-28 18:41:23,7.39,20,True
693,151,2025-05-01 13:18:00,2025-05-01 13:40:43,22.72,13,True
694,187,2025-05-19 09:36:00,2025-05-19 09:49:19,13.33,10,True
695,49,2025-05-20 11:15:00,2025-05-20 11:24:27,9.45,11,True
696,50,2025-05-23 13:39:00,2025-05-23 14:03:43,24.72,19,True
697,48,2025-05-24 19:07:00,2025-05-24 19:34:04,27.08,16,True
698,180,2025-05-26 15:12:00,2025-05-26 15:44:35,32.59,2,False
699,165,2025-05-27 16:46:00,2025-05-27 17:04:45,18.75,14,True
700,128,2025-05-17 20:20:00,2025-05-17 20:48:23,28.39,25,True
701,12,2025-05-15 19:08:00,2025-05-15 19:40:39,32.66,24,False
702,157,2025-05-08 19:11:00,2025-05-08 20:02:55,51.92,5,False
703,86,2025-05-20 12:42:00,2025-05-20 12:49:14,7.24,4,True
704,53,2025-05-19 16:53:00,2025-05-19 17:45:01,52.02,9,False
705,9,2025-05-17 18:32:00,2025-05-17 18:43:04,11.08,11,False
706,190,2025-05-13 13:39:00,2025-05-13 14:16:56,37.94,7,False
707,49,2025-05-28 08:26:00,2025-05-28 08:54:28,28.48,25,True
708,116,2025-05-26 08:52:00,2025-05-26 09:07:30,15.5,11,True
709,186,2025-05-19 10:19:00,2025-05-19 10:21:43,2.73,8,True
710,50,2025-05-19 08:53:00,2025-05-19 09:20:35,27.59,14,True
711,114,2025-05-06 11:34:00,2025-05-06 11:59:30,25.51,2,False
712,145,2025-05-12 15:50:00,2025-05-12 16:06:52,16.87,11,True
713,194,2025-05-21 18:56:00,2025-05-21 19:22:34,26.58,12,False
714,177,2025-05-27 20:47:00,2025-05-27 21:24:42,37.7,18,True
715,55,2025-05-11 15:32:00,2025-05-11 15:57:03,25.05,21,True
716,5,2025-05-26 12:05:00,2025-05-26 12:17:41,12.69,25,True
717,4,2025-05-17 18:07:00,2025-05-17 18:40:15,33.26,3,False
718,23,2025-05-08 18:18:00,2025-05-08 18:25:10,7.17,21,True
719,80,2025-05-11 16:19:00,2025-05-11 16:28:04,9.07,5,True
720,104,2025-05-28 17:39:00,2025-05-28 18:05:01,26.02,10,False
721,90,2025-05-24 19:54:00,2025-05-24 20:45:24,51.4,22,True
722,36,2025-05-28 10:19:00,2025-05-28 10:35:56,16.94,24,True
723,61,2025-05-12 09:50:00,2025-05-12 10:16:04,26.07,9,True
724,172,2025-05-20 08:49:00,2025-05-20 08:55:12,6.21,7,False
725,70,2025-05-23 21:57:00,2025-05-23 22:39:04,42.07,24,True
726,148,2025-05-13 09:47:00,2025-05-13 10:04:30,17.5,15,True
727,30,2025-05-13 14:34:00,2025-05-13 14:58:55,24.93,8,False
728,141,2025-05-04 13:03:00,2025-05-04 13:07:51,4.86,14,True
729,113,2025-05-08 09:09:00,2025-05-08 09:21:55,12.93,15,True
730,42,2025-05-26 20:56:00,2025-05-26 21:24:51,28.86,24,True
731,16,2025-05-21 17:41:00,2025-05-21 18:16:07,35.13,15,False
732,109,2025-05-02 12:11:00,2025-05-02 12:47:43,36.72,9,False
733,86,2025-05-02 21:16:00,2025-05-02 21:38:42,22.71,14,True
734,190,2025-05-21 10:38:00,2025-05-21 11:07:29,29.49,12,True
735,12,2025-05-09 17:32:00,2025-05-09 18:02:22,30.38,20,True
736,84,2025-05-24 10:19:00,2025-05-24 10:36:11,17.19,1,False
737,169,2025-05-22 09:19:00,2025-05-22 09:41:48,22.81,9,True
738,91,2025-05-07 12:09:00,2025-05-07 12:25:36,16.61,18,True
739,23,2025-05-07 16:16:00,2025-05-07 16:23:28,7.48,3,False
740,70,2025-05-05 21:40:00,2025-05-05 22:05:47,25.79,11,True
741,16,2025-05-17 12:41:00,2025-05-17 13:25:15,44.25,15,True
742,9,2025-05-23 18:11:00,2025-05-23 18:53:28,42.48,4,False
743,64,2025-05-08 10:56:00,2025-05-08 11:14:11,18.19,24,True
744,130,2025-05-26 16:55:00,2025-05-26 17:03:58,8.97,25,True
745,181,2025-05-15 20:18:00,2025-05-15 20:58:00,40.0,10,True
746,89,2025-05-21 15:10:00,2025-05-21 15:55:55,45.93,17,True
747,113,2025-05-21 16:13:00,2025-05-21 16:18:46,5.77,4,False
748,28,2025-05-16 15:38:00,2025-05-16 15:42:31,4.52,7,False
749,49,2025-05-07 09:41:00,2025-05-07 10:05:55,24.92,24,True
750,72,2025-05-18 21:00:00,2025-05-18 21:08:18,8.31,2,False
751,136,2025-05-27 19:47:00,2025-05-27 20:22:18,35.3,7,True
752,25,2025-05-12 15:15:00,2025-05-12 15:41:18,26.3,19,False
753,199,2025-05-14 08:32:00,2025-05-14 09:03:19,31.33,13,True
754,168,2025-05-06 20:09:00,2025-05-06 20:33:54,24.91,21,True
755,141,2025-05-23 10:55:00,2025-05-23 11:27:49,32.83,25,True
756,136,2025-05-10 08:04:00,2025-05-10 08:31:03,27.06,19,True
757,158,2025-05-17 09:02:00,2025-05-17 09:46:50,44.84,12,True
758,137,2025-05-07 14:35:00,2025-05-07 14:43:09,8.16,22,False
759,75,2025-05-02 15:14:00,2025-05-02 15:47:02,33.04,22,False
760,5,2025-05-07 17:00:00,2025-05-07 17:40:16,40.27,2,False
761,2,2025-05-21 10:41:00,2025-05-21 11:00:28,19.47,11,False
762,184,2025-05-18 21:33:00,2025-05-18 21:55:40,22.68,15,True
763,35,2025-05-19 15:42:00,2025-05-19 16:12:51,30.86,9,True
764,95,2025-05-10 11:41:00,2025-05-10 11:46:56,5.94,10,True
765,140,2025-05-02 08:30:00,2025-05-02 09:19:22,49.38,24,False
766,90,2025-05-12 18:41:00,2025-05-12 19:01:24,20.41,11,False
767,4,2025-05-28 19:31:00,2025-05-28 20:06:07,35.13,19,True
768,20,2025-05-26 11:49:00,2025-05-26 12:17:06,28.11,1,False
769,194,2025-05-12 18:26:00,2025-05-12 18:53:37,27.62,2,True
770,54,2025-05-11 10:00:00,2025-05-11 10:17:22,17.37,13,True
771,195,2025-05-13 14:53:00,2025-05-13 15:02:35,9.59,10,True
772,2,2025-05-03 15:05:00,2025-05-03 15:43:04,38.08,19,True
773,171,2025-05-21 17:23:00,2025-05-21 17:30:21,7.36,23,True
774,198,2025-05-15 20:51:00,2025-05-15 21:03:19,12.32,14,False
775,95,2025-05-03 15:51:00,2025-05-03 16:09:52,18.87,4,True
776,135,2025-05-26 20:24:00,2025-05-26 20:57:12,33.21,14,True
777,43,2025-05-07 13:56:00,2025-05-07 14:19:31,23.53,22,True
778,87,2025-05-07 10:08:00,2025-05-07 10:47:58,39.97,20,False
779,32,2025-05-11 16:29:00,2025-05-11 17:07:04,38.07,17,True
780,123,2025-05-04 13:55:00,2025-05-04 13:58:01,3.02,24,True
781,180,2025-05-26 16:19:00,2025-05-26 16:47:06,28.1,15,True
782,190,2025-05-16 21:56:00,2025-05-16 22:28:21,32.35,1,False
783,14,2025-05-18 13:30:00,2025-05-18 14:16:34,46.58,1,False
784,100,2025-05-04 11:41:00,2025-05-04 11:46:36,5.6,15,True
785,24,2025-05-22 16:40:00,2025-05-22 17:04:36,24.61,8,False
786,4,2025-05-01 09:36:00,2025-05-01 09:45:26,9.44,24,False
787,34,2025-05-25 14:46:00,2025-05-25 14:55:47,9.79,18,False
788,75,2025-05-03 09:26:00,2025-05-03 09:42:39,16.66,6,True
789,122,2025-05-11 12:42:00,2025-05-11 13:14:43,32.72,25,True
790,76,2025-05-05 19:04:00,2025-05-05 19:10:10,6.18,13,True
791,161,2025-05-23 13:39:00,2025-05-23 13:51:54,12.9,14,True
792,193,2025-05-16 12:27:00,2025-05-16 12:45:26,18.44,8,True
793,81,2025-05-01 14:02:00,2025-05-01 14:22:24,20.41,4,False
794,27,2025-05-08 18:43:00,2025-05-08 19:06:04,23.07,8,False
795,154,2025-05-28 18:02:00,2025-05-28 18:40:04,38.08,22,True
796,197,2025-05-17 11:00:00,2025-05-17 11:14:38,14.64,21,False
797,126,2025-05-10 21:31:00,2025-05-10 21:42:35,11.59,12,False
798,111,2025-05-25 17:30:00,2025-05-25 17:34:01,4.03,25,True
799,62,2025-05-03 18:51:00,2025-05-03 19:31:41,40.69,2,False
800,22,2025-05-24 09:33:00,2025-05-24 09:54:39,21.66,23,True
