session_id,subject_id
1,4
1,6
1,8
1,5
1,3
1,7
2,8
2,7
2,3
2,1
2,6
2,2
3,7
4,8
4,1
4,7
5,3
5,5
6,5
7,7
7,6
7,1
7,5
8,3
8,1
8,8
8,5
9,8
9,3
9,5
10,1
10,4
11,4
12,1
12,2
12,4
12,6
13,3
14,7
14,8
14,5
14,2
14,4
15,4
15,7
15,1
15,3
16,1
16,4
16,7
16,6
16,8
17,6
18,7
18,3
18,1
18,2
18,8
19,1
19,3
19,5
19,2
19,4
19,6
20,6
20,5
20,3
20,2
20,1
20,8
21,7
21,3
22,4
22,3
22,5
22,8
23,4
24,8
24,7
24,2
24,6
24,5
25,2
25,1
25,8
25,5
26,8
26,5
26,2
27,7
27,1
27,4
27,3
27,6
28,6
28,4
28,2
28,5
28,1
28,8
29,7
29,1
29,8
29,2
30,7
30,5
30,8
30,4
31,8
31,5
31,2
31,6
32,8
33,7
33,5
34,2
34,1
34,5
34,3
34,4
34,7
35,7
35,3
35,8
35,4
35,1
36,6
36,5
36,4
36,3
37,5
37,4
37,6
37,1
37,3
37,2
38,3
38,8
38,1
39,7
39,3
39,2
39,5
40,1
40,7
40,4
40,5
41,3
41,6
42,5
42,7
42,1
42,4
42,2
43,5
43,7
43,1
44,7
44,2
45,1
45,2
45,7
45,6
45,4
45,8
46,5
47,2
47,6
48,8
48,2
48,5
49,6
49,3
49,8
49,4
50,3
51,8
52,4
52,6
52,8
52,1
52,2
52,3
53,5
53,6
53,1
53,2
54,1
54,4
54,5
54,8
54,6
55,8
55,1
55,4
56,4
56,7
56,1
56,2
56,3
56,8
57,1
57,7
57,3
57,6
58,4
58,7
58,6
58,8
58,3
59,5
59,3
59,7
59,1
60,3
60,6
60,1
61,1
62,7
62,4
63,1
63,2
64,8
65,6
65,1
66,7
66,5
66,2
66,1
66,3
66,4
67,5
67,6
67,4
67,2
67,3
68,3
68,8
68,6
68,7
69,8
69,2
69,6
69,7
69,5
70,6
70,3
70,8
70,4
70,5
71,1
71,5
71,8
71,7
71,4
71,3
72,6
72,1
72,8
73,1
73,5
73,7
74,7
74,5
74,3
74,6
75,1
75,5
76,8
76,6
76,4
76,7
77,8
77,2
78,1
78,6
79,5
79,6
79,1
79,4
79,8
80,4
80,3
80,1
80,2
81,3
81,7
81,2
82,2
82,6
82,7
83,6
83,5
83,2
83,3
83,7
83,8
84,4
84,2
84,3
84,8
85,1
85,3
85,6
85,5
86,6
86,8
86,4
86,5
86,3
86,1
87,4
87,7
87,1
87,8
87,6
88,6
88,7
88,5
88,2
88,1
89,4
89,6
90,1
90,6
90,7
90,2
90,4
91,8
91,5
91,1
91,4
91,7
92,4
92,3
92,5
93,7
93,3
93,8
93,1
93,6
93,2
94,8
94,5
95,3
95,8
95,4
95,5
95,6
95,7
96,4
96,1
96,3
96,6
96,8
97,1
97,7
97,5
97,6
97,4
98,2
98,6
98,5
98,8
99,3
99,8
100,5
100,1
101,6
101,4
101,5
101,2
101,1
102,8
102,6
102,4
102,3
102,7
103,3
104,7
104,2
104,8
104,4
104,1
104,6
105,5
105,2
106,4
106,3
106,1
107,2
107,8
107,7
108,8
109,5
109,2
110,2
110,6
110,4
110,1
111,5
112,3
112,8
112,5
112,6
112,4
113,1
113,6
113,4
114,3
115,2
115,3
115,4
115,8
115,5
116,7
116,4
116,3
116,8
116,1
117,3
117,8
117,4
117,7
118,8
118,6
118,1
118,2
119,7
120,3
121,4
121,3
121,2
121,5
122,6
122,1
123,2
124,6
124,8
124,7
125,2
126,4
126,3
126,8
126,7
126,2
127,5
127,2
128,5
128,2
128,4
128,6
128,1
129,2
129,7
129,8
129,3
130,8
130,1
131,8
131,3
131,1
131,7
131,6
132,6
132,8
132,3
132,5
132,1
133,4
133,8
133,3
133,7
133,1
134,5
134,7
134,3
135,7
135,8
136,6
136,4
136,2
136,8
137,2
137,1
138,4
139,2
139,6
139,4
139,1
139,5
139,7
140,8
140,4
141,7
142,7
142,3
142,4
143,2
143,5
143,8
144,8
145,2
145,4
145,7
145,3
145,6
145,5
146,5
147,6
147,8
147,5
147,3
148,6
148,2
148,1
148,8
149,8
149,1
149,5
150,2
150,8
150,5
150,4
150,7
151,4
151,3
152,8
152,3
153,5
153,6
154,8
154,5
155,1
155,3
155,7
155,4
155,5
156,4
157,6
157,4
157,3
158,7
159,4
159,5
159,1
159,8
159,7
159,2
160,5
161,8
161,3
161,5
161,2
161,7
161,6
162,7
163,6
163,4
164,8
164,1
164,2
164,3
164,4
165,3
166,3
166,1
166,2
167,5
167,1
167,4
167,7
167,6
168,5
168,4
168,6
168,1
169,2
170,2
171,2
171,4
172,6
172,3
172,1
173,6
173,5
173,1
173,3
174,6
174,8
174,4
175,2
175,7
175,5
176,2
176,3
176,1
176,7
176,6
176,4
177,3
177,4
177,8
177,2
178,5
178,6
178,3
178,4
178,8
178,2
179,7
179,4
179,6
179,3
179,1
179,2
180,2
181,4
182,5
182,6
182,1
182,2
182,8
183,3
183,1
184,8
184,4
184,7
185,8
185,6
185,7
185,4
185,5
186,2
186,1
186,4
186,3
186,8
186,6
187,1
187,6
188,8
188,7
188,2
188,3
188,5
189,4
190,6
190,8
190,2
190,7
190,1
190,3
191,8
191,5
192,6
192,4
192,8
192,2
192,1
192,3
193,3
193,6
194,8
194,7
195,5
195,6
195,8
196,7
196,2
196,1
196,8
197,6
197,3
197,8
197,2
197,5
198,6
199,2
200,6
200,8
200,5
201,5
202,4
202,7
202,6
202,2
202,5
203,4
203,3
204,2
204,1
204,8
204,4
204,3
204,5
205,4
205,2
205,1
205,6
206,5
206,6
207,5
207,8
207,3
207,1
207,7
208,8
208,1
209,4
210,3
210,1
210,8
210,2
210,6
211,6
211,1
211,7
211,8
211,3
211,2
212,8
213,4
213,5
213,3
213,8
214,8
215,2
215,8
215,5
215,4
216,8
216,6
217,6
217,3
217,8
217,5
218,2
219,4
219,6
219,7
219,1
219,3
220,6
220,2
220,8
221,4
221,5
221,2
222,7
222,4
222,1
223,3
224,5
224,3
224,1
224,4
224,8
224,2
225,3
225,7
225,1
225,6
225,5
226,5
226,4
226,1
226,6
226,2
226,7
227,1
227,6
227,3
227,5
227,4
227,2
228,8
228,1
228,6
229,8
230,5
230,2
231,8
231,6
232,4
232,5
232,1
232,8
232,7
232,3
233,1
233,3
234,5
234,2
234,7
234,6
234,1
234,8
235,2
235,7
235,4
236,3
236,8
237,7
237,2
237,3
238,2
239,7
239,6
240,3
240,6
240,4
241,7
241,1
241,8
242,3
242,4
242,6
242,1
242,8
242,2
243,6
243,1
243,5
244,6
244,5
244,3
244,7
244,2
244,4
245,1
245,3
245,8
245,4
245,7
245,6
246,4
247,8
247,4
247,7
248,5
248,4
248,3
249,7
249,2
249,6
249,4
250,5
250,6
251,3
251,7
252,4
252,2
253,2
254,1
255,5
255,3
255,2
255,4
255,7
256,6
256,7
256,3
256,5
257,3
257,4
257,6
257,2
257,1
258,2
258,5
258,8
258,6
258,7
258,3
259,8
259,4
259,1
259,7
259,5
260,6
260,8
260,3
260,1
260,5
260,4
261,3
262,6
262,5
263,7
263,4
263,8
263,3
263,2
264,8
264,2
264,6
264,7
264,4
264,3
265,1
265,2
265,4
265,8
265,6
265,7
266,7
266,8
266,3
266,2
266,4
266,1
267,2
268,4
268,8
268,7
268,2
268,1
269,3
269,6
269,7
270,1
270,5
270,8
270,4
270,2
270,6
271,5
271,3
271,2
271,6
272,6
272,7
272,5
272,8
273,4
273,1
273,5
273,6
274,1
275,7
276,1
276,5
276,3
276,7
276,8
276,2
277,7
277,2
277,4
277,8
278,5
278,7
278,2
278,8
278,3
279,7
279,3
279,6
279,2
279,8
279,4
280,7
280,4
280,3
281,6
281,5
281,3
281,4
281,8
281,7
282,7
282,3
282,1
282,5
283,8
283,1
283,7
283,2
283,3
284,3
284,8
284,2
284,4
284,1
284,6
285,8
285,3
285,4
285,5
285,2
285,6
286,3
287,2
287,8
287,7
287,1
288,2
288,3
288,8
288,6
289,1
289,7
289,3
289,4
290,5
290,1
290,2
290,4
290,3
291,8
291,7
291,6
291,4
291,1
292,5
293,8
294,8
294,4
294,2
294,1
295,7
295,4
295,1
296,6
296,2
296,8
296,1
296,3
297,3
297,1
297,6
297,2
297,5
298,1
298,8
298,4
298,7
298,2
299,6
299,4
299,7
300,7
300,4
300,1
300,3
300,5
300,2
301,5
301,3
301,4
301,6
301,8
302,7
302,8
302,3
302,4
303,3
304,8
304,5
304,2
305,7
305,1
305,6
305,5
306,4
306,6
306,5
306,8
306,3
307,1
307,2
307,7
307,8
308,1
308,8
308,7
308,6
308,3
309,3
309,6
309,8
309,7
309,2
310,4
310,3
310,1
311,6
311,3
311,4
311,8
311,5
311,1
312,7
312,6
312,3
312,1
312,4
313,2
313,7
313,6
313,4
313,8
313,5
314,5
314,2
314,4
314,8
315,1
315,8
315,7
315,2
315,4
316,3
316,7
316,1
316,2
316,4
316,6
317,6
317,8
317,4
318,7
318,4
318,2
318,6
319,3
320,5
320,1
320,6
321,5
321,3
321,1
322,8
322,1
323,2
323,6
324,8
324,4
324,6
325,8
325,3
325,4
326,7
326,4
326,8
326,1
326,3
327,1
327,7
327,2
327,8
327,3
328,7
328,2
328,4
329,8
329,4
329,2
329,6
329,1
330,3
331,5
331,7
331,2
331,1
331,8
331,6
332,2
332,1
332,7
332,3
332,5
332,6
333,7
333,5
333,1
334,8
334,4
334,6
334,5
334,2
334,7
335,6
335,8
335,4
335,1
335,5
335,3
336,1
336,6
336,4
337,6
337,3
337,4
337,7
337,8
337,1
338,7
338,6
338,2
339,5
339,7
339,1
339,3
340,2
340,7
340,5
341,6
341,5
341,4
341,3
342,8
342,6
342,3
342,2
342,5
342,7
343,3
343,8
343,1
344,3
344,2
344,4
344,6
344,5
345,8
345,1
346,4
346,3
347,1
347,8
347,6
347,3
347,4
347,7
348,1
348,5
348,4
348,7
349,8
349,5
349,2
349,3
350,1
350,6
350,5
350,3
350,2
351,6
351,5
351,2
351,3
351,4
351,1
352,3
352,8
352,4
352,2
353,8
353,1
353,6
353,3
354,2
354,1
354,3
354,7
354,6
354,4
355,7
356,5
356,3
356,8
356,7
356,1
357,7
357,5
357,6
357,3
357,4
357,1
358,4
359,7
360,1
360,8
361,3
362,4
362,2
363,3
363,1
364,1
364,7
365,8
366,2
366,6
366,5
366,1
366,4
367,4
367,7
368,7
368,5
368,1
369,3
369,1
369,8
369,7
369,5
369,6
370,2
370,8
370,7
370,6
370,1
371,2
371,5
371,8
372,1
372,2
373,4
373,2
373,8
373,6
374,8
375,4
375,5
376,5
376,1
376,4
376,3
377,5
377,7
377,1
377,6
377,3
377,8
378,7
379,1
379,5
379,6
379,2
380,6
380,8
380,1
380,7
380,4
380,5
381,1
381,8
381,6
381,5
382,7
383,3
384,8
385,8
386,5
386,7
386,1
386,4
387,2
387,5
387,1
387,6
387,7
387,8
388,6
388,2
388,3
388,5
388,4
388,8
389,2
389,4
389,7
389,1
389,8
390,3
391,3
391,5
392,8
392,2
392,5
392,6
393,5
393,1
393,8
394,7
394,3
394,5
394,8
395,6
395,2
395,8
395,7
395,1
396,6
396,7
396,2
396,8
397,5
397,7
398,6
398,2
399,8
399,1
399,3
399,6
399,5
400,5
400,2
400,1
400,6
400,8
400,7
401,2
401,6
401,5
401,7
401,3
402,2
402,1
402,4
403,8
403,2
404,6
404,7
405,2
405,3
405,7
406,1
406,3
406,4
407,3
407,8
407,4
407,7
407,2
407,5
408,2
408,3
408,6
408,4
409,7
409,2
409,6
409,4
409,3
410,7
411,3
411,8
411,1
412,8
413,3
413,1
413,2
413,7
414,8
414,5
414,4
414,6
414,7
414,3
415,3
416,7
416,1
416,6
416,3
417,5
417,4
417,3
417,7
417,8
417,1
418,8
418,4
418,5
418,7
418,2
419,4
419,5
419,3
419,7
420,6
420,7
420,4
421,7
421,4
421,6
421,1
421,8
422,2
422,7
422,8
422,1
423,5
423,1
423,8
423,7
424,6
424,4
424,3
424,2
424,8
425,8
425,6
425,4
425,3
426,6
426,8
427,5
427,4
428,3
429,7
429,3
430,1
430,2
430,8
430,7
431,6
432,6
432,2
432,8
433,6
433,2
433,5
433,3
433,4
433,1
434,1
434,4
434,2
434,6
434,3
434,5
435,7
435,3
435,5
435,2
435,6
436,7
436,1
436,2
436,6
436,5
436,8
437,7
437,1
437,6
438,1
438,6
438,2
438,8
438,5
439,8
439,4
439,2
439,7
439,3
439,6
440,2
440,5
440,3
441,4
441,5
441,3
441,6
441,2
441,1
442,2
442,8
443,1
443,4
443,8
444,5
444,6
444,1
444,3
445,7
445,3
445,5
446,1
446,2
446,5
446,3
447,4
447,6
447,3
447,5
448,2
449,6
449,5
449,7
450,5
450,3
450,4
450,7
450,8
451,3
452,8
452,7
452,4
452,5
452,3
453,4
453,8
453,7
453,2
453,3
453,1
454,8
455,4
455,1
455,8
455,7
456,7
456,3
456,8
456,4
457,3
457,7
457,5
457,4
457,6
457,8
458,2
458,3
458,7
458,4
458,1
458,6
459,5
459,1
459,8
459,2
460,6
460,1
460,8
461,3
462,3
463,7
463,5
463,4
463,8
463,3
464,7
464,2
464,1
464,3
464,8
465,6
465,7
466,7
466,5
467,7
467,2
467,4
467,1
468,1
468,4
469,5
469,2
469,8
469,6
469,3
469,1
470,4
471,4
471,6
472,3
472,1
473,7
473,2
473,6
473,1
474,2
475,7
476,7
476,8
476,3
477,3
477,6
478,2
478,6
479,8
479,7
479,1
480,1
480,4
480,8
480,2
480,7
480,5
481,4
481,5
481,7
482,5
482,8
482,1
483,3
483,2
483,6
484,1
484,7
484,2
484,5
484,3
485,6
485,4
485,7
486,6
486,8
486,3
486,1
486,5
486,7
487,4
487,2
487,7
488,1
488,8
488,5
489,4
489,8
489,1
489,5
490,4
490,6
490,7
490,2
491,8
491,4
492,7
492,3
492,4
492,6
492,1
492,2
493,5
493,7
493,2
493,8
493,4
493,6
494,5
494,6
494,8
494,1
495,1
495,7
495,3
495,5
495,4
496,3
496,4
497,6
497,5
497,1
497,3
498,1
499,6
499,3
499,4
499,8
499,2
500,1
500,5
500,7
501,4
501,2
501,1
501,7
501,6
502,2
502,1
502,7
502,5
502,6
502,4
503,2
503,7
503,8
503,3
503,4
503,5
504,8
504,6
504,4
504,7
504,5
504,2
505,5
505,1
505,6
505,2
505,4
505,3
506,4
506,8
506,2
507,1
507,2
507,4
507,6
507,7
507,3
508,4
508,2
508,1
509,3
509,6
509,7
510,8
511,1
512,8
512,6
512,2
512,4
513,5
513,6
514,5
514,7
514,3
515,1
515,6
515,8
515,5
515,3
516,6
517,1
517,6
517,4
518,2
519,7
519,1
519,2
520,3
520,2
520,8
521,6
521,8
521,4
522,3
522,8
523,3
524,3
524,2
524,6
524,4
524,1
525,3
525,4
525,5
525,1
525,2
525,6
526,4
526,2
526,5
526,1
526,8
527,6
527,3
527,7
527,1
527,2
528,4
528,1
528,2
529,8
529,5
529,7
529,4
530,3
530,7
530,6
530,8
530,1
531,4
531,3
531,8
531,6
532,8
532,2
532,5
532,6
532,3
533,5
533,4
533,1
533,6
534,7
534,3
535,2
535,4
535,8
536,1
536,6
537,5
537,3
538,7
539,7
540,7
540,1
540,3
540,4
541,2
541,7
541,6
542,8
542,5
542,7
543,1
543,7
544,5
544,7
545,6
546,7
546,4
546,8
546,1
546,3
546,6
547,6
548,5
548,7
549,2
550,2
551,3
552,2
553,3
553,4
554,5
554,3
555,5
555,2
556,5
556,7
556,1
556,3
556,4
556,8
557,1
557,7
557,3
557,5
557,4
557,6
558,3
558,1
558,7
559,2
559,4
559,1
560,5
561,7
561,4
561,8
561,1
562,3
562,1
562,5
562,7
562,6
562,4
563,5
563,1
563,3
563,2
563,8
563,4
564,6
564,2
564,8
564,4
565,8
566,8
566,4
566,3
567,6
567,2
567,5
567,3
567,7
568,8
569,5
570,1
570,5
571,8
571,2
571,5
572,8
573,2
573,6
573,7
573,4
573,3
574,8
574,6
575,6
575,5
575,4
575,2
575,7
575,8
576,7
577,3
577,7
577,5
578,3
578,8
578,5
578,6
578,1
579,6
579,3
579,2
580,6
580,3
580,5
580,4
580,8
580,1
581,5
581,1
581,7
582,2
583,7
584,3
584,4
584,2
584,8
584,5
585,8
585,6
585,2
585,4
585,5
585,3
586,4
586,6
586,8
587,1
587,7
587,4
588,8
588,3
588,2
589,2
589,8
590,8
590,1
590,2
590,4
591,1
591,4
591,3
591,2
592,2
592,4
592,6
592,7
592,5
592,8
593,4
593,5
594,5
594,4
594,7
594,8
595,6
595,1
595,8
595,2
596,3
597,5
597,6
597,1
597,3
597,2
597,8
598,5
598,2
598,3
598,7
598,8
598,6
599,1
599,3
599,4
599,2
599,5
600,5
600,3
600,7
600,6
601,8
602,5
602,3
602,1
603,7
603,6
603,2
603,3
603,4
603,5
604,2
605,4
605,8
605,5
605,3
605,6
606,1
606,6
607,2
607,4
607,3
607,7
607,1
607,8
608,5
608,7
608,4
609,2
610,5
611,2
611,7
611,8
612,6
612,5
612,7
612,8
612,1
613,5
613,6
613,1
613,3
613,7
614,4
614,3
614,6
614,5
614,8
614,7
615,7
616,8
616,7
617,4
617,8
617,2
617,1
617,7
618,2
618,7
618,8
618,4
618,1
619,7
619,6
620,4
620,1
620,3
620,5
621,2
621,4
622,4
622,7
623,8
623,4
624,6
625,4
626,5
627,3
627,1
627,4
627,5
627,6
628,7
628,6
628,2
629,5
629,1
630,8
630,7
630,5
630,1
630,2
630,6
631,5
631,3
631,1
631,2
632,4
632,3
632,1
632,7
632,2
633,7
633,8
634,5
634,4
634,7
634,2
634,1
635,8
636,6
637,4
637,5
637,2
637,6
637,3
637,1
638,1
638,2
639,5
639,8
639,3
639,4
639,1
640,8
640,5
640,7
640,3
640,2
641,4
641,3
641,6
641,5
641,7
641,2
642,6
642,2
642,7
642,1
642,8
642,4
643,7
643,6
643,4
643,8
643,1
643,3
644,6
644,5
644,8
644,3
645,6
645,8
645,4
645,2
645,5
646,7
647,8
647,6
647,4
647,5
647,1
648,2
648,1
648,7
648,6
648,3
648,5
649,6
650,1
651,3
651,8
651,2
651,6
651,4
651,7
652,5
652,7
652,8
652,2
652,1
653,5
653,2
653,7
653,3
654,3
654,4
654,8
654,5
654,7
654,2
655,1
655,4
655,7
656,1
656,4
656,3
656,7
656,5
657,2
657,4
657,1
657,8
658,1
658,2
658,7
658,3
659,8
659,6
659,7
659,4
659,5
660,4
660,6
660,5
660,3
660,8
661,2
661,3
661,5
661,6
661,8
661,7
662,5
662,3
662,2
662,8
662,1
663,1
663,6
663,4
664,5
665,5
665,7
665,8
665,1
665,6
665,4
666,4
666,5
667,7
667,4
667,8
667,6
667,1
667,2
668,7
668,5
668,8
668,1
668,3
668,2
669,2
669,8
669,7
669,4
670,5
670,1
670,3
671,6
671,1
672,3
673,7
673,2
674,4
674,7
675,4
675,3
675,5
675,8
676,5
676,6
676,3
676,7
676,1
677,6
678,5
678,7
678,3
678,1
678,6
679,7
679,4
679,5
679,8
679,3
680,7
680,4
681,8
681,4
681,3
681,5
682,3
682,5
683,8
683,2
684,1
684,3
685,3
686,6
686,5
686,1
686,7
687,8
687,6
687,5
687,7
688,6
688,4
688,1
688,2
688,8
689,2
689,4
689,8
690,3
690,1
690,2
690,6
691,8
691,3
691,7
692,1
692,8
693,6
693,3
693,1
694,8
694,1
695,6
696,1
696,5
696,4
696,2
697,6
697,8
697,4
697,5
697,2
698,8
698,4
698,2
698,5
699,8
699,6
700,5
700,3
700,7
701,1
701,6
701,8
701,7
701,4
702,3
702,8
702,7
702,4
702,2
702,1
703,8
704,6
704,5
704,1
704,7
704,4
704,3
705,1
705,3
705,2
706,6
706,1
706,4
706,7
706,3
706,5
707,2
707,3
707,4
707,5
707,8
708,3
708,1
709,7
710,4
710,7
710,8
710,5
710,1
711,8
711,4
711,3
711,6
712,1
712,3
713,5
713,1
713,2
713,3
714,6
714,7
714,3
714,5
714,4
715,1
715,2
715,3
716,4
716,1
716,8
717,6
717,8
717,4
717,7
718,1
719,8
720,5
720,8
720,2
720,3
720,4
720,7
721,7
721,2
721,5
721,8
721,4
721,6
722,1
722,5
722,6
723,7
723,4
723,6
724,1
725,3
725,7
725,8
725,1
725,6
725,5
726,8
726,7
726,1
726,5
727,5
727,4
727,8
727,1
727,2
728,3
729,8
729,4
729,2
730,5
730,4
730,3
730,6
730,1
731,4
731,1
731,3
731,8
731,7
732,5
732,4
732,1
732,7
733,6
733,8
733,7
734,2
734,7
734,8
734,4
735,4
735,8
735,2
735,5
736,8
736,3
737,3
737,4
737,6
737,1
738,7
738,6
738,2
739,6
740,7
740,5
740,8
741,2
741,8
741,4
741,7
741,5
742,4
742,2
742,8
742,6
742,7
742,5
743,5
743,4
743,8
743,3
744,8
745,4
745,7
745,1
745,2
745,8
746,1
746,6
746,3
746,2
746,4
746,7
747,4
747,7
748,4
749,1
749,8
749,4
750,4
750,5
751,6
751,3
751,8
751,2
751,4
752,1
752,6
752,4
753,5
753,4
753,1
753,2
754,3
754,8
754,1
755,1
755,4
755,2
755,8
756,1
756,4
756,2
757,7
757,5
757,4
757,6
757,3
758,2
759,2
759,3
759,8
759,5
760,7
760,2
760,4
760,1
760,6
761,8
761,5
761,7
762,2
762,3
762,8
762,6
762,5
763,5
763,8
763,6
763,2
763,3
763,7
764,5
765,7
765,2
765,4
765,6
765,8
765,5
766,8
766,3
766,1
767,4
767,1
767,8
767,2
767,7
767,3
768,4
768,2
768,1
769,7
769,1
769,8
769,5
769,2
770,4
770,1
770,8
770,3
771,3
771,2
772,8
772,6
772,3
772,1
772,7
772,5
773,6
774,6
774,5
775,1
775,2
775,6
775,7
776,7
776,1
776,2
776,3
777,1
777,3
777,4
777,8
778,8
778,6
778,7
778,3
778,2
778,4
779,2
779,4
779,6
779,5
779,8
780,3
781,4
781,8
781,1
782,7
782,5
782,3
782,6
782,8
782,4
783,2
783,4
783,7
783,1
783,6
783,5
784,4
785,8
785,5
785,4
785,3
785,6
785,2
786,5
787,3
788,2
788,7
788,1
789,3
789,2
789,1
789,4
790,6
791,3
791,1
792,7
792,8
792,3
793,4
793,8
793,6
794,1
794,4
794,5
795,8
795,6
795,4
795,1
795,5
795,3
796,5
796,6
796,3
797,8
797,2
798,6
799,1
799,7
799,5
799,2
799,4
799,8
800,1
800,6
800,5
